,leftLip_x,leftLip_y,rightLip_x,rightLip_y,topleftinner_x,topleftinner_y,bottomleftinner_x,bottomleftinner_y,topmidinner_x,topmidinner_y,bottommidinner_x,bottommidinner_y,toprightinner_x,toprightinner_y,bottomrightinner_x,bottomrightinner_y
0,-6.771874592631895,-12.593254962772198,-16.730682530226424,-10.733020321280694,-13.514447616355758,-10.43258827588832,-12.196388924998304,-15.865076812225828,-16.313566885887326,-9.584577571837983,-15.60573807507676,-15.28040648744734,-16.870031036866763,-11.059843745486432,-16.757678208907436,-14.657625889888603
1,-6.771874592631895,-12.593254962772198,-16.730682530226424,-10.733020321280694,-13.514447616355758,-10.43258827588832,-12.196388924998304,-15.865076812225828,-16.313566885887326,-9.584577571837983,-15.60573807507676,-15.28040648744734,-16.870031036866763,-11.059843745486432,-16.757678208907436,-14.657625889888603
2,-6.7136143032118465,-12.632232980090793,-16.676969432944457,-10.709949528653198,-13.348778127686286,-10.487029111113038,-12.0417267974062,-15.827248270398773,-16.355011905933516,-9.736426219484343,-15.712404742335474,-15.17023528551076,-16.875515412976167,-11.118362166809963,-16.75682161947713,-14.542452335512506
3,-6.7136143032118465,-12.632232980090793,-16.676969432944457,-10.709949528653198,-13.348778127686286,-10.487029111113038,-12.0417267974062,-15.827248270398773,-16.355011905933516,-9.736426219484343,-15.712404742335474,-15.17023528551076,-16.875515412976167,-11.118362166809963,-16.75682161947713,-14.542452335512506
4,-6.556593773965574,-12.629881037418402,-16.679506460050145,-10.727745078088667,-13.180856414263918,-10.577675755940117,-11.872134334709866,-15.749540361124195,-16.21966741579859,-9.942254985742197,-15.667158048355752,-15.031447942804332,-16.829975180991838,-11.106714812570043,-16.748068624659524,-14.431718387020119
5,-6.556593773965574,-12.629881037418402,-16.679506460050145,-10.727745078088667,-13.180856414263918,-10.577675755940117,-11.872134334709866,-15.749540361124195,-16.21966741579859,-9.942254985742197,-15.667158048355752,-15.031447942804332,-16.829975180991838,-11.106714812570043,-16.748068624659524,-14.431718387020119
6,-6.387127866365541,-12.637273998522446,-16.765552186088367,-10.668781699490424,-13.117335168822816,-10.59261364178169,-11.78024756898785,-15.702117271315279,-16.29620412625404,-9.875462498304131,-15.719145129430862,-14.975500934982552,-16.890450705954905,-11.103974747352606,-16.81478459519238,-14.415953399170608
7,-6.387127866365541,-12.637273998522446,-16.765552186088367,-10.668781699490424,-13.117335168822816,-10.59261364178169,-11.78024756898785,-15.702117271315279,-16.29620412625404,-9.875462498304131,-15.719145129430862,-14.975500934982552,-16.890450705954905,-11.103974747352606,-16.81478459519238,-14.415953399170608
8,-6.154693314225886,-12.692942500321879,-16.771525722498875,-10.746085803678715,-12.970957350824968,-10.614230489966364,-11.70394809668265,-15.765168445289993,-16.218660879008254,-9.831415901007624,-15.687195064190872,-15.155999853600585,-16.865080618167354,-11.194468350591933,-16.80504391330505,-14.573971782501925
9,-6.154693314225886,-12.692942500321879,-16.771525722498875,-10.746085803678715,-12.970957350824968,-10.614230489966364,-11.70394809668265,-15.765168445289993,-16.218660879008254,-9.831415901007624,-15.687195064190872,-15.155999853600585,-16.865080618167354,-11.194468350591933,-16.80504391330505,-14.573971782501925
10,-6.217443356563527,-12.740257770945183,-16.767791754633848,-10.764576491764005,-12.961902556577389,-10.569982168418333,-11.72273867562368,-15.828707996894886,-16.264827944927724,-9.818701055156236,-15.689016611084975,-15.235755189734135,-16.8684537292634,-11.203836748224386,-16.809681969596365,-14.632897460594824
11,-6.217443356563527,-12.740257770945183,-16.767791754633848,-10.764576491764005,-12.961902556577389,-10.569982168418333,-11.72273867562368,-15.828707996894886,-16.264827944927724,-9.818701055156236,-15.689016611084975,-15.235755189734135,-16.8684537292634,-11.203836748224386,-16.809681969596365,-14.632897460594824
12,-6.109075207421211,-12.768680806406568,-16.818376968557423,-10.76457805387333,-12.90664805059955,-10.60807844270832,-11.678297262477345,-15.86217988587706,-16.284347817027193,-9.827972648875866,-15.69354393483179,-15.303551669213167,-16.888952263731703,-11.215097768223522,-16.840273540112747,-14.691175623046977
13,-6.109075207421211,-12.768680806406568,-16.818376968557423,-10.76457805387333,-12.90664805059955,-10.60807844270832,-11.678297262477345,-15.86217988587706,-16.284347817027193,-9.827972648875866,-15.69354393483179,-15.303551669213167,-16.888952263731703,-11.215097768223522,-16.840273540112747,-14.691175623046977
14,-6.068095702326928,-12.718214699540088,-16.803928401223242,-10.773747635613693,-12.986645685771165,-10.584036373752662,-11.724123296282517,-15.812512241313934,-16.30241515241371,-9.833021574559698,-15.728524934657866,-15.191379063654685,-16.890558014586933,-11.216270894993391,-16.838884923369108,-14.61971902573843
15,-6.068095702326928,-12.718214699540088,-16.803928401223242,-10.773747635613693,-12.986645685771165,-10.584036373752662,-11.724123296282517,-15.812512241313934,-16.30241515241371,-9.833021574559698,-15.728524934657866,-15.191379063654685,-16.890558014586933,-11.216270894993391,-16.838884923369108,-14.61971902573843
16,-6.092521228707157,-12.714731523571466,-16.869057612872332,-10.791479138566817,-12.925973303151187,-10.618052976632557,-11.701984095748134,-15.74134967356267,-16.268335205019564,-9.850490473477032,-15.740444619934845,-15.069621597710531,-16.92310097334453,-11.151159866786788,-16.87612174413163,-14.52703479507998
17,-6.092521228707157,-12.714731523571466,-16.869057612872332,-10.791479138566817,-12.925973303151187,-10.618052976632557,-11.701984095748134,-15.74134967356267,-16.268335205019564,-9.850490473477032,-15.740444619934845,-15.069621597710531,-16.92310097334453,-11.151159866786788,-16.87612174413163,-14.52703479507998
18,-5.701444380557821,-12.730508073807325,-17.121261863253675,-10.675487834824558,-12.713393286291172,-10.485399751668455,-11.520477021382531,-15.671091775812702,-16.589132363365525,-9.848516209152601,-15.778074991700704,-14.928718338963188,-17.035769865477903,-11.132556003733768,-16.995251314575636,-14.466693005545121
19,-5.701444380557821,-12.730508073807325,-17.121261863253675,-10.675487834824558,-12.713393286291172,-10.485399751668455,-11.520477021382531,-15.671091775812702,-16.589132363365525,-9.848516209152601,-15.778074991700704,-14.928718338963188,-17.035769865477903,-11.132556003733768,-16.995251314575636,-14.466693005545121
20,-4.961447278133325,-12.635939846259234,-17.32399357746566,-10.561900617334159,-12.362502938408497,-10.279169735153793,-11.184748737634626,-15.296365567208596,-16.703048032315863,-9.892845392707915,-15.905276365202763,-14.469485937617486,-17.200831227544658,-11.111182165715633,-17.200290568196017,-14.20317695196529
21,-4.961447278133325,-12.635939846259234,-17.32399357746566,-10.561900617334159,-12.362502938408497,-10.279169735153793,-11.184748737634626,-15.296365567208596,-16.703048032315863,-9.892845392707915,-15.905276365202763,-14.469485937617486,-17.200831227544658,-11.111182165715633,-17.200290568196017,-14.20317695196529
22,-4.479874723548866,-12.369961014163538,-17.644089444760027,-10.53077871324332,-12.1059373751071,-9.857214253195734,-10.801328619193752,-14.84535152893354,-16.50998039266346,-9.661940935468234,-15.899619284229276,-13.760064410409504,-17.37619680403666,-10.942293452170976,-17.378303343416373,-13.697061881222167
23,-4.479874723548866,-12.369961014163538,-17.644089444760027,-10.53077871324332,-12.1059373751071,-9.857214253195734,-10.801328619193752,-14.84535152893354,-16.50998039266346,-9.661940935468234,-15.899619284229276,-13.760064410409504,-17.37619680403666,-10.942293452170976,-17.378303343416373,-13.697061881222167
24,-2.9386868493045375,-12.316780266943528,-17.931668929033975,-10.354819594606557,-11.334313085290143,-9.469188339036554,-10.150952655728618,-14.377415476092429,-16.56912484154522,-9.273121440787172,-15.788491651944843,-13.413778855306075,-17.646679200511823,-10.569566484924977,-17.48583904592471,-13.507664433696174
25,-2.9386868493045375,-12.316780266943528,-17.931668929033975,-10.354819594606557,-11.334313085290143,-9.469188339036554,-10.150952655728618,-14.377415476092429,-16.56912484154522,-9.273121440787172,-15.788491651944843,-13.413778855306075,-17.646679200511823,-10.569566484924977,-17.48583904592471,-13.507664433696174
26,-3.057907881557129,-12.384639884633138,-18.060450211700395,-10.249631838959075,-11.673398282952155,-9.307464612913654,-10.530722678432685,-14.318312772183129,-16.77970275053294,-9.063155243109621,-16.06805596702077,-13.619902918674889,-17.790203849417235,-10.409740424925438,-17.649877831018188,-13.458765596717711
27,-3.057907881557129,-12.384639884633138,-18.060450211700395,-10.249631838959075,-11.673398282952155,-9.307464612913654,-10.530722678432685,-14.318312772183129,-16.77970275053294,-9.063155243109621,-16.06805596702077,-13.619902918674889,-17.790203849417235,-10.409740424925438,-17.649877831018188,-13.458765596717711
28,-3.3913790012957645,-12.27435901833485,-18.167127176170695,-10.243311544628325,-11.598100991586396,-9.474764857020139,-10.33899788920524,-14.267845882310095,-16.722109756634904,-9.325255533947118,-16.057408710220816,-13.351405478894758,-17.866589495172917,-10.613120062495781,-17.714888259446113,-13.43125232373324
29,-3.3913790012957645,-12.27435901833485,-18.167127176170695,-10.243311544628325,-11.598100991586396,-9.474764857020139,-10.33899788920524,-14.267845882310095,-16.722109756634904,-9.325255533947118,-16.057408710220816,-13.351405478894758,-17.866589495172917,-10.613120062495781,-17.714888259446113,-13.43125232373324
30,-4.405746779137221,-12.285803967629915,-17.97872423369526,-10.25589902157276,-12.49975320141874,-9.816172899948162,-11.043946564637434,-14.300839305385209,-16.977652093618467,-9.792358333394438,-16.173475090322864,-13.369098502202972,-17.786233430032052,-10.919341044136733,-17.61584844764702,-13.472556451516166
31,-4.405746779137221,-12.285803967629915,-17.97872423369526,-10.25589902157276,-12.49975320141874,-9.816172899948162,-11.043946564637434,-14.300839305385209,-16.977652093618467,-9.792358333394438,-16.173475090322864,-13.369098502202972,-17.786233430032052,-10.919341044136733,-17.61584844764702,-13.472556451516166
32,-4.822262446494767,-12.330866358383608,-17.633961640675864,-10.505231977334995,-12.760939631409963,-10.127277052686429,-11.175508113237704,-14.342281120823014,-17.0487240034657,-10.162455720532158,-16.201077000363,-13.392144553815024,-17.667650927261136,-11.15479805526076,-17.512804430279196,-13.711538856929922
33,-4.822262446494767,-12.330866358383608,-17.633961640675864,-10.505231977334995,-12.760939631409963,-10.127277052686429,-11.175508113237704,-14.342281120823014,-17.0487240034657,-10.162455720532158,-16.201077000363,-13.392144553815024,-17.667650927261136,-11.15479805526076,-17.512804430279196,-13.711538856929922
34,-4.793392631472571,-12.424431175606793,-17.39725873758413,-10.430800592196197,-12.688240458161232,-10.37548698994393,-11.144315850395648,-14.733066123015844,-16.9763661560984,-10.38724310674562,-16.129889023338585,-13.724463012079703,-17.410483851283544,-11.387294832191419,-17.365689968595593,-13.867018066461345
35,-4.793392631472571,-12.424431175606793,-17.39725873758413,-10.430800592196197,-12.688240458161232,-10.37548698994393,-11.144315850395648,-14.733066123015844,-16.9763661560984,-10.38724310674562,-16.129889023338585,-13.724463012079703,-17.410483851283544,-11.387294832191419,-17.365689968595593,-13.867018066461345
36,-4.943558019872134,-12.538190424512278,-17.270921082065925,-10.736199213757974,-12.66221897873495,-10.68800487467382,-10.969777051345728,-14.996660289847332,-16.840822094013667,-10.534255536299698,-15.932357359282287,-14.229929375317841,-17.325413963583774,-11.474413618901568,-17.216183929587245,-14.306839117172556
37,-4.943558019872134,-12.538190424512278,-17.270921082065925,-10.736199213757974,-12.66221897873495,-10.68800487467382,-10.969777051345728,-14.996660289847332,-16.840822094013667,-10.534255536299698,-15.932357359282287,-14.229929375317841,-17.325413963583774,-11.474413618901568,-17.216183929587245,-14.306839117172556
38,-5.33979412910752,-12.478158366029218,-17.314477949189715,-10.702349866784909,-12.799253198317107,-10.702228445571205,-11.128079454669965,-15.013416508317531,-16.91986820481192,-10.547094781536755,-16.08029915106309,-14.218801160986333,-17.335875908769363,-11.370978234009108,-17.246411481415556,-14.285551821134884
39,-5.33979412910752,-12.478158366029218,-17.314477949189715,-10.702349866784909,-12.799253198317107,-10.702228445571205,-11.128079454669965,-15.013416508317531,-16.91986820481192,-10.547094781536755,-16.08029915106309,-14.218801160986333,-17.335875908769363,-11.370978234009108,-17.246411481415556,-14.285551821134884
40,-4.993648441242106,-12.428332971806507,-17.272471318316576,-10.750091051989155,-12.619711035014149,-10.594348854703181,-11.037807097716122,-14.994187765461323,-16.882305293041558,-10.601087186507328,-16.064824297303364,-14.223453441651417,-17.321365971693503,-11.312940030301005,-17.24038353558799,-14.320264976704681
41,-4.993648441242106,-12.428332971806507,-17.272471318316576,-10.750091051989155,-12.619711035014149,-10.594348854703181,-11.037807097716122,-14.994187765461323,-16.882305293041558,-10.601087186507328,-16.064824297303364,-14.223453441651417,-17.321365971693503,-11.312940030301005,-17.24038353558799,-14.320264976704681
42,-4.741869774021246,-12.306707816803073,-17.2764915773556,-10.72923220616649,-12.493229361528163,-10.512048952555414,-10.891988866332165,-14.832190562759322,-16.791189417800577,-10.562978740132959,-16.035624801052826,-14.026319457745627,-17.28175227909755,-11.313303932231033,-17.224603452739558,-14.250763209812916
43,-4.741869774021246,-12.306707816803073,-17.2764915773556,-10.72923220616649,-12.493229361528163,-10.512048952555414,-10.891988866332165,-14.832190562759322,-16.791189417800577,-10.562978740132959,-16.035624801052826,-14.026319457745627,-17.28175227909755,-11.313303932231033,-17.224603452739558,-14.250763209812916
44,-4.504769217046163,-12.344658456989638,-17.399534853939052,-10.430800592196197,-12.501736771131522,-10.18941225953276,-10.91317749041424,-14.384494248532839,-16.885500179646744,-10.25656539158644,-16.068308130160933,-13.510787965618183,-17.435441511919066,-11.02955347935625,-17.38062618993987,-13.680345799938278
45,-4.504769217046163,-12.344658456989638,-17.399534853939052,-10.430800592196197,-12.501736771131522,-10.18941225953276,-10.91317749041424,-14.384494248532839,-16.885500179646744,-10.25656539158644,-16.068308130160933,-13.510787965618183,-17.435441511919066,-11.02955347935625,-17.38062618993987,-13.680345799938278
46,-5.11493467264503,-12.474406761820813,-17.366795123194247,-10.729749264353211,-13.189841805959473,-10.49984208641812,-11.235321761698533,-14.505038823008174,-17.05162213525856,-10.433183339135105,-16.193009438845678,-13.53385965433897,-17.424351229442298,-11.387263260791096,-17.362247064570347,-13.950763422664608
47,-5.11493467264503,-12.474406761820813,-17.366795123194247,-10.729749264353211,-13.189841805959473,-10.49984208641812,-11.235321761698533,-14.505038823008174,-17.05162213525856,-10.433183339135105,-16.193009438845678,-13.53385965433897,-17.424351229442298,-11.387263260791096,-17.362247064570347,-13.950763422664608
48,-5.889372520851587,-12.666863418597176,-17.092169806934926,-11.291499398876448,-13.51776886428907,-10.859727441815652,-11.658483439049432,-14.55568953029183,-16.993758417672094,-10.56932541249446,-16.17874729071399,-13.755169431781729,-17.262417332205498,-11.772977705138059,-17.176381158911635,-14.101843386365806
49,-5.889372520851587,-12.666863418597176,-17.092169806934926,-11.291499398876448,-13.51776886428907,-10.859727441815652,-11.658483439049432,-14.55568953029183,-16.993758417672094,-10.56932541249446,-16.17874729071399,-13.755169431781729,-17.262417332205498,-11.772977705138059,-17.176381158911635,-14.101843386365806
50,-6.546586028143295,-13.242610037190431,-16.88382800397302,-11.646375490157704,-13.641127422933824,-11.029532884875673,-12.256392099549313,-14.44367804835859,-16.88111306756749,-10.65462960357665,-16.407542207246927,-13.506436493695588,-17.117783396477392,-12.048203049099525,-16.935959543369684,-13.965854573099358
51,-6.546586028143295,-13.242610037190431,-16.88382800397302,-11.646375490157704,-13.641127422933824,-11.029532884875673,-12.256392099549313,-14.44367804835859,-16.88111306756749,-10.65462960357665,-16.407542207246927,-13.506436493695588,-17.117783396477392,-12.048203049099525,-16.935959543369684,-13.965854573099358
52,-7.5183699724793565,-13.701801279380454,-16.942014147044368,-12.218084071630651,-13.959501555795649,-11.33877088002101,-12.756661435589963,-14.61466248073481,-16.90279872917444,-10.908218519162498,-16.342673239438938,-13.643260033872924,-17.204177188263923,-12.271342229139949,-16.65084763350815,-13.989356407724081
53,-7.5183699724793565,-13.701801279380454,-16.942014147044368,-12.218084071630651,-13.959501555795649,-11.33877088002101,-12.756661435589963,-14.61466248073481,-16.90279872917444,-10.908218519162498,-16.342673239438938,-13.643260033872924,-17.204177188263923,-12.271342229139949,-16.65084763350815,-13.989356407724081
54,-7.8503544726848675,-14.025087942882834,-16.808625809953934,-12.542869250975862,-14.17559647609705,-11.539772518876145,-12.94897935309963,-14.86112378361747,-16.868833318725397,-11.172061937194258,-16.451551311078198,-14.781004154995287,-17.021663305428483,-12.41855385305812,-16.476961251947635,-14.318078514676577
55,-7.8503544726848675,-14.025087942882834,-16.808625809953934,-12.542869250975862,-14.17559647609705,-11.539772518876145,-12.94897935309963,-14.86112378361747,-16.868833318725397,-11.172061937194258,-16.451551311078198,-14.781004154995287,-17.021663305428483,-12.41855385305812,-16.476961251947635,-14.318078514676577
56,-8.253539765309698,-14.524081660556503,-16.566855959169335,-12.394393883810976,-14.272832809675482,-11.780809510898294,-13.007880723126373,-15.193631458117322,-16.88925733852791,-11.373779380545463,-16.171743127702243,-14.920075215038379,-16.607278740523167,-12.352247265770895,-15.982886068831771,-13.71931957332849
57,-8.253539765309698,-14.524081660556503,-16.566855959169335,-12.394393883810976,-14.272832809675482,-11.780809510898294,-13.007880723126373,-15.193631458117322,-16.88925733852791,-11.373779380545463,-16.171743127702243,-14.920075215038379,-16.607278740523167,-12.352247265770895,-15.982886068831771,-13.71931957332849
58,-8.501481372227426,-14.80010817709196,-16.505076963386095,-12.574006776159953,-14.420696066165918,-12.18703516618753,-13.387007535524384,-15.618155965816612,-16.956596385209608,-11.680755597917267,-16.096036121771153,-15.152355965879071,-16.54673081455536,-12.61880542951759,-15.872533676265068,-13.619546011535576
59,-8.501481372227426,-14.80010817709196,-16.505076963386095,-12.574006776159953,-14.420696066165918,-12.18703516618753,-13.387007535524384,-15.618155965816612,-16.956596385209608,-11.680755597917267,-16.096036121771153,-15.152355965879071,-16.54673081455536,-12.61880542951759,-15.872533676265068,-13.619546011535576
60,-8.694184507058463,-15.085516899722718,-16.47247834779442,-12.84498588084488,-14.556280667927505,-12.472512584215806,-13.338967090665541,-15.85972988813451,-16.743580227617713,-12.02299827322909,-15.858218078137103,-15.127551208607809,-16.25158165433874,-12.884328383664247,-15.785195919773967,-13.607371313661586
61,-8.694184507058463,-15.085516899722718,-16.47247834779442,-12.84498588084488,-14.556280667927505,-12.472512584215806,-13.338967090665541,-15.85972988813451,-16.743580227617713,-12.02299827322909,-15.858218078137103,-15.127551208607809,-16.25158165433874,-12.884328383664247,-15.785195919773967,-13.607371313661586
62,-8.667804016826336,-15.2909811416186,-16.547117096417892,-13.080819087816618,-14.396220472616243,-12.542568767534318,-13.221714270873719,-15.928708272536033,-16.41195412173435,-11.980705553691042,-15.344261488403744,-14.999097329862112,-16.21978209875486,-13.057188447038907,-15.670215653256871,-13.866381079530203
63,-8.667804016826336,-15.2909811416186,-16.547117096417892,-13.080819087816618,-14.396220472616243,-12.542568767534318,-13.221714270873719,-15.928708272536033,-16.41195412173435,-11.980705553691042,-15.344261488403744,-14.999097329862112,-16.21978209875486,-13.057188447038907,-15.670215653256871,-13.866381079530203
64,-8.885675676405016,-15.295969433074582,-16.669746164494295,-12.986560630064613,-14.681629512661045,-12.54008944387514,-13.409313676138206,-15.900750905872508,-16.58173431795656,-11.97006249513927,-15.574768459940973,-14.977341679389713,-16.299816237999632,-13.524062160872047,-16.026774503803512,-14.617228985916697
65,-8.885675676405016,-15.295969433074582,-16.669746164494295,-12.986560630064613,-14.681629512661045,-12.54008944387514,-13.409313676138206,-15.900750905872508,-16.58173431795656,-11.97006249513927,-15.574768459940973,-14.977341679389713,-16.299816237999632,-13.524062160872047,-16.026774503803512,-14.617228985916697
66,-8.814849185761737,-15.36875263184094,-16.722842009883408,-13.201963009168859,-14.562876149162111,-12.509008510754882,-13.428463667250249,-16.10166063248479,-16.60622092849386,-11.95397888320804,-15.709108372865,-15.270871192138557,-16.4468484570099,-13.105520106800583,-16.305551724817114,-15.463327495928013
67,-8.814849185761737,-15.36875263184094,-16.722842009883408,-13.201963009168859,-14.562876149162111,-12.509008510754882,-13.428463667250249,-16.10166063248479,-16.60622092849386,-11.95397888320804,-15.709108372865,-15.270871192138557,-16.4468484570099,-13.105520106800583,-16.305551724817114,-15.463327495928013
68,-8.772345693236556,-15.49213615159367,-16.656261038025775,-13.526574013324282,-14.63099363458103,-12.714747680776611,-13.465101122683265,-16.323760722065646,-16.891084723424846,-12.037849409765256,-16.329487761557044,-15.760269924762275,-16.462664197921335,-13.416457689484407,-16.448100679388496,-15.970415594917192
69,-8.772345693236556,-15.49213615159367,-16.656261038025775,-13.526574013324282,-14.63099363458103,-12.714747680776611,-13.465101122683265,-16.323760722065646,-16.891084723424846,-12.037849409765256,-16.329487761557044,-15.760269924762275,-16.462664197921335,-13.416457689484407,-16.448100679388496,-15.970415594917192
70,-8.82965746085143,-15.466297536833775,-16.658731060814144,-13.677100430033477,-15.037350054285627,-12.876749762338793,-13.087240108887553,-16.18908653574738,-16.99887613662847,-12.126060092666961,-15.9535739013849,-15.422075441175565,-16.622718254784942,-13.500794869660904,-16.476142846295797,-15.805349995289834
71,-8.82965746085143,-15.466297536833775,-16.658731060814144,-13.677100430033477,-15.037350054285627,-12.876749762338793,-13.087240108887553,-16.18908653574738,-16.99887613662847,-12.126060092666961,-15.9535739013849,-15.422075441175565,-16.622718254784942,-13.500794869660904,-16.476142846295797,-15.805349995289834
72,-8.965005232186856,-15.307620496910909,-16.58848617105959,-13.602191820495754,-15.081959104299257,-12.87560262428902,-13.189578305582625,-16.045781941787276,-16.927504001152396,-12.146479253558024,-16.073489087310552,-15.519836573343895,-16.560836081729704,-13.494116687666436,-16.49873746080825,-15.752036996809208
73,-8.965005232186856,-15.307620496910909,-16.58848617105959,-13.602191820495754,-15.081959104299257,-12.87560262428902,-13.189578305582625,-16.045781941787276,-16.927504001152396,-12.146479253558024,-16.073489087310552,-15.519836573343895,-16.560836081729704,-13.494116687666436,-16.49873746080825,-15.752036996809208
74,-8.839958544671235,-15.203022160581613,-16.49975925711175,-13.632221810168108,-14.99550703178909,-12.955770559001836,-13.219519499829392,-16.079017751546004,-16.935391431690455,-12.205307108723439,-16.136491716087697,-15.586392216760158,-16.536718789899254,-13.531217237176648,-16.534753673452393,-15.824242887284688
75,-8.839958544671235,-15.203022160581613,-16.49975925711175,-13.632221810168108,-14.99550703178909,-12.955770559001836,-13.219519499829392,-16.079017751546004,-16.935391431690455,-12.205307108723439,-16.136491716087697,-15.586392216760158,-16.536718789899254,-13.531217237176648,-16.534753673452393,-15.824242887284688
76,-8.776811157020596,-15.05476908397035,-16.478705688437195,-13.55006735652431,-15.066541663185165,-12.948755217832108,-13.15333070433511,-16.140677680020715,-16.928569541823542,-12.252249447275267,-16.090891661918135,-15.722121906964812,-16.447232440910064,-13.469745228270341,-16.534826222631484,-15.867756289299864
77,-8.776811157020596,-15.05476908397035,-16.478705688437195,-13.55006735652431,-15.066541663185165,-12.948755217832108,-13.15333070433511,-16.140677680020715,-16.928569541823542,-12.252249447275267,-16.090891661918135,-15.722121906964812,-16.447232440910064,-13.469745228270341,-16.534826222631484,-15.867756289299864
78,-8.654690375900714,-15.045287815072273,-16.258189404062172,-13.631311100431374,-15.030609051570963,-12.940395145455705,-12.995237467110398,-16.235012054299172,-16.9258449508566,-12.310118198535115,-16.007727594703812,-15.718634405606577,-16.37309510492672,-13.543683786172297,-16.413610545090478,-15.893032211493137
79,-8.654690375900714,-15.045287815072273,-16.258189404062172,-13.631311100431374,-15.030609051570963,-12.940395145455705,-12.995237467110398,-16.235012054299172,-16.9258449508566,-12.310118198535115,-16.007727594703812,-15.718634405606577,-16.37309510492672,-13.543683786172297,-16.413610545090478,-15.893032211493137
80,-8.75407964200614,-15.038936611184534,-16.21010873030255,-13.599933010411162,-15.083691929307943,-12.877261779527107,-13.258785770513267,-16.206014857773603,-17.18176387143241,-12.220404740338617,-16.205846533441818,-15.4683384584579,-16.354659999093634,-13.58759960402048,-16.342567079664523,-15.785849070315253
81,-8.75407964200614,-15.038936611184534,-16.21010873030255,-13.599933010411162,-15.083691929307943,-12.877261779527107,-13.258785770513267,-16.206014857773603,-17.18176387143241,-12.220404740338617,-16.205846533441818,-15.4683384584579,-16.354659999093634,-13.58759960402048,-16.342567079664523,-15.785849070315253
82,-8.666539113486674,-14.875466209836958,-16.273305984135668,-13.367862143749756,-15.087916529813612,-12.734727328518412,-13.19614199670579,-16.212428643699116,-17.819779776293867,-12.256662553876785,-16.13117140562378,-15.351067486542346,-16.142417746560042,-13.333927556563191,-16.327063192813682,-15.59719740638633
83,-8.666539113486674,-14.875466209836958,-16.273305984135668,-13.367862143749756,-15.087916529813612,-12.734727328518412,-13.19614199670579,-16.212428643699116,-17.819779776293867,-12.256662553876785,-16.13117140562378,-15.351067486542346,-16.142417746560042,-13.333927556563191,-16.327063192813682,-15.59719740638633
84,-8.538562782785544,-14.763290367988768,-16.271529354509838,-13.218977503941604,-14.926763804005923,-12.610894442530313,-13.387909993953796,-15.958122662498454,-17.659809842960907,-12.22799617445426,-16.05280507394474,-15.364998691428866,-16.294122416126505,-12.959283872987108,-16.232280872313826,-15.4343682801577
85,-8.538562782785544,-14.763290367988768,-16.271529354509838,-13.218977503941604,-14.926763804005923,-12.610894442530313,-13.387909993953796,-15.958122662498454,-17.659809842960907,-12.22799617445426,-16.05280507394474,-15.364998691428866,-16.294122416126505,-12.959283872987108,-16.232280872313826,-15.4343682801577
86,-8.179484688298711,-14.68883828055304,-16.52462191970409,-13.157607695927513,-14.513077579290428,-12.434413957626331,-13.271227716433454,-15.613674064834102,-17.141084166428527,-11.911133277511457,-16.11668363784036,-15.212121193761766,-16.540689209284444,-12.946779936806864,-16.49191147401069,-15.426927114643913
87,-8.179484688298711,-14.68883828055304,-16.52462191970409,-13.157607695927513,-14.513077579290428,-12.434413957626331,-13.271227716433454,-15.613674064834102,-17.141084166428527,-11.911133277511457,-16.11668363784036,-15.212121193761766,-16.540689209284444,-12.946779936806864,-16.49191147401069,-15.426927114643913
88,-8.046353456099606,-14.611065991437133,-16.585621228885824,-13.095872354331268,-14.557870210248131,-12.417202182280766,-13.179482358778722,-15.451505659641816,-17.048784742754773,-11.95225341765495,-16.030364213437895,-15.04719425498928,-16.61898443154026,-13.275915939297466,-16.30172443742195,-14.84232753293048
89,-8.046353456099606,-14.611065991437133,-16.585621228885824,-13.095872354331268,-14.557870210248131,-12.417202182280766,-13.179482358778722,-15.451505659641816,-17.048784742754773,-11.95225341765495,-16.030364213437895,-15.04719425498928,-16.61898443154026,-13.275915939297466,-16.30172443742195,-14.84232753293048
90,-8.122036527856961,-14.682707571290837,-16.63542980185868,-13.14252474933568,-14.399970449217728,-12.439444742128957,-13.09115534475052,-15.498461997398271,-16.991002589356484,-11.983888488589823,-15.969130044577973,-15.02666405831441,-16.633818880262385,-13.354970725704266,-16.284865026435476,-14.809946486538333
91,-8.122036527856961,-14.682707571290837,-16.63542980185868,-13.14252474933568,-14.399970449217728,-12.439444742128957,-13.09115534475052,-15.498461997398271,-16.991002589356484,-11.983888488589823,-15.969130044577973,-15.02666405831441,-16.633818880262385,-13.354970725704266,-16.284865026435476,-14.809946486538333
92,-8.038821956303176,-14.730722672682152,-16.717315168921676,-13.112493197554002,-14.418881525249201,-12.4298269736269,-13.075565105332295,-15.5343604564138,-17.049347015030754,-11.939586949342434,-15.979306154458138,-14.9355822475418,-16.749916477120458,-13.295864079343152,-16.344846651239095,-14.780803018349921
93,-8.038821956303176,-14.730722672682152,-16.717315168921676,-13.112493197554002,-14.418881525249201,-12.4298269736269,-13.075565105332295,-15.5343604564138,-17.049347015030754,-11.939586949342434,-15.979306154458138,-14.9355822475418,-16.749916477120458,-13.295864079343152,-16.344846651239095,-14.780803018349921
94,-8.07171380272249,-14.5867788279917,-16.747340209598214,-13.112123758698534,-14.406768541128415,-12.390896417118894,-12.88439318236792,-15.479105303207218,-17.06553490327256,-11.900193810546918,-16.04413364806544,-14.91266950889517,-16.907916155474442,-13.074282698660735,-16.427821274643854,-14.862439123062186
95,-8.07171380272249,-14.5867788279917,-16.747340209598214,-13.112123758698534,-14.406768541128415,-12.390896417118894,-12.88439318236792,-15.479105303207218,-17.06553490327256,-11.900193810546918,-16.04413364806544,-14.91266950889517,-16.907916155474442,-13.074282698660735,-16.427821274643854,-14.862439123062186
96,-7.994115003405899,-14.473040350319057,-16.62472636977575,-13.104017973408801,-14.173374475036175,-12.308992485384753,-12.797452752999488,-15.437811262550502,-16.89412862951148,-11.778624894849576,-16.031999955912926,-14.880987169920637,-16.70131730268567,-13.181392828385436,-16.293197999689923,-14.63441534956297
97,-7.994115003405899,-14.473040350319057,-16.62472636977575,-13.104017973408801,-14.173374475036175,-12.308992485384753,-12.797452752999488,-15.437811262550502,-16.89412862951148,-11.778624894849576,-16.031999955912926,-14.880987169920637,-16.70131730268567,-13.181392828385436,-16.293197999689923,-14.63441534956297
98,-7.875299412844161,-14.472628920130102,-16.67850850180889,-13.100607107696693,-14.147562322661972,-12.28488533614329,-12.858562642077104,-15.450017099042077,-16.942697500461684,-11.736000443616406,-16.076714121155845,-14.987808456315864,-16.8678189275968,-12.969272067057462,-16.48705577018211,-14.851073381042898
99,-7.875299412844161,-14.472628920130102,-16.67850850180889,-13.100607107696693,-14.147562322661972,-12.28488533614329,-12.858562642077104,-15.450017099042077,-16.942697500461684,-11.736000443616406,-16.076714121155845,-14.987808456315864,-16.8678189275968,-12.969272067057462,-16.48705577018211,-14.851073381042898
100,-7.6347385885351695,-14.365119415628866,-16.653941267342905,-13.108784750015396,-14.164955497716846,-12.232812482402037,-12.81560012163446,-15.390060184812828,-16.93752945466579,-11.737095465369281,-16.09271154984421,-14.935681377695575,-16.816628831492228,-12.96526582252184,-16.487760897291157,-14.823195112792098
101,-7.6347385885351695,-14.365119415628866,-16.653941267342905,-13.108784750015396,-14.164955497716846,-12.232812482402037,-12.81560012163446,-15.390060184812828,-16.93752945466579,-11.737095465369281,-16.09271154984421,-14.935681377695575,-16.816628831492228,-12.96526582252184,-16.487760897291157,-14.823195112792098
102,-7.659306735725237,-14.283580343326706,-16.651037746925834,-13.03343874986655,-14.18933034562648,-12.124845072353171,-12.77966381453507,-15.253516287087502,-17.021412148282426,-11.672499932513942,-16.127904897577796,-14.721278237345986,-16.880274486163035,-12.897202037558788,-16.518585388856195,-14.722249354663088
103,-7.659306735725237,-14.283580343326706,-16.651037746925834,-13.03343874986655,-14.18933034562648,-12.124845072353171,-12.77966381453507,-15.253516287087502,-17.021412148282426,-11.672499932513942,-16.127904897577796,-14.721278237345986,-16.880274486163035,-12.897202037558788,-16.518585388856195,-14.722249354663088
104,-7.508415787310556,-14.20943423212859,-16.75894515431414,-13.000599306572385,-14.086111959821688,-12.103884515725339,-12.677267679812429,-15.24280261545862,-16.979068186757974,-11.650600265353916,-16.110918723945094,-14.686237437127188,-16.9366955548604,-12.842517048895433,-16.589543577176904,-14.686349964477724
105,-7.508415787310556,-14.20943423212859,-16.75894515431414,-13.000599306572385,-14.086111959821688,-12.103884515725339,-12.677267679812429,-15.24280261545862,-16.979068186757974,-11.650600265353916,-16.110918723945094,-14.686237437127188,-16.9366955548604,-12.842517048895433,-16.589543577176904,-14.686349964477724
106,-7.425427291538307,-14.131802548281138,-16.665672098958034,-12.98885849288234,-14.06555537166956,-12.034614000435445,-12.638251819247706,-15.163341232257231,-16.990067204304776,-11.55350347324867,-16.138842473782546,-14.619331419891546,-16.884053560035685,-12.76652551914621,-16.584496954455975,-14.63038285378401
107,-7.425427291538307,-14.131802548281138,-16.665672098958034,-12.98885849288234,-14.06555537166956,-12.034614000435445,-12.638251819247706,-15.163341232257231,-16.990067204304776,-11.55350347324867,-16.138842473782546,-14.619331419891546,-16.884053560035685,-12.76652551914621,-16.584496954455975,-14.63038285378401
108,-7.3403848069850595,-14.069341054449323,-16.709462465975506,-12.678386140231517,-14.026426884474098,-11.8010816278763,-12.490401828896989,-15.060286343763106,-16.850637563127698,-11.417715400610264,-15.90900074842431,-14.433250448131643,-16.8453733232509,-12.66928726780647,-16.56290657331725,-14.582726404539013
109,-7.3403848069850595,-14.069341054449323,-16.709462465975506,-12.678386140231517,-14.026426884474098,-11.8010816278763,-12.490401828896989,-15.060286343763106,-16.850637563127698,-11.417715400610264,-15.90900074842431,-14.433250448131643,-16.8453733232509,-12.66928726780647,-16.56290657331725,-14.582726404539013
110,-7.234007121197525,-14.026328624598264,-16.727573935989685,-12.567009307436624,-13.984068939817359,-11.737113195629854,-12.531634064516318,-15.064582625203519,-16.790653176648483,-11.303889194824722,-15.872335896050407,-14.42516450403667,-16.894815452240923,-12.57297372616564,-16.637394215561066,-14.54782899655112
111,-7.234007121197525,-14.026328624598264,-16.727573935989685,-12.567009307436624,-13.984068939817359,-11.737113195629854,-12.531634064516318,-15.064582625203519,-16.790653176648483,-11.303889194824722,-15.872335896050407,-14.42516450403667,-16.894815452240923,-12.57297372616564,-16.637394215561066,-14.54782899655112
112,-7.302843148486021,-13.888933310507536,-16.748538165574487,-12.45799985132444,-14.03194550675628,-11.670027182463452,-12.480831252343068,-14.941457398453574,-16.882340001206742,-11.264889987417162,-15.917355311410372,-14.263529370025742,-16.914318472894,-12.486554495220524,-16.614865786264627,-14.441803136037388
113,-7.302843148486021,-13.888933310507536,-16.748538165574487,-12.45799985132444,-14.03194550675628,-11.670027182463452,-12.480831252343068,-14.941457398453574,-16.882340001206742,-11.264889987417162,-15.917355311410372,-14.263529370025742,-16.914318472894,-12.486554495220524,-16.614865786264627,-14.441803136037388
114,-7.303543173770994,-13.890797129208178,-16.673491299745546,-12.440974421786416,-13.977232788442656,-11.691053603476918,-12.480288206084673,-14.921570877608376,-16.769927195808872,-11.307331679059038,-15.890461780717946,-14.328599770275966,-16.827218771311205,-12.510719909688198,-16.60058887149524,-14.476614559563503
115,-7.303543173770994,-13.890797129208178,-16.673491299745546,-12.440974421786416,-13.977232788442656,-11.691053603476918,-12.480288206084673,-14.921570877608376,-16.769927195808872,-11.307331679059038,-15.890461780717946,-14.328599770275966,-16.827218771311205,-12.510719909688198,-16.60058887149524,-14.476614559563503
116,-7.244476983355612,-13.904631569173459,-16.71256293847681,-12.430772285781936,-13.914328330197796,-11.672717428976624,-12.350671018409576,-15.034822225997573,-16.56830399343862,-11.299020725039858,-15.804472490952934,-14.332676070564808,-16.832270034267225,-12.492622019866657,-16.647271086258264,-14.545995246294805
117,-7.244476983355612,-13.904631569173459,-16.71256293847681,-12.430772285781936,-13.914328330197796,-11.672717428976624,-12.350671018409576,-15.034822225997573,-16.56830399343862,-11.299020725039858,-15.804472490952934,-14.332676070564808,-16.832270034267225,-12.492622019866657,-16.647271086258264,-14.545995246294805
118,-7.2465421825059435,-13.787217382181634,-16.76146695316589,-12.355482521568806,-13.89728664548706,-11.57732776428415,-12.31649936614985,-14.97251533232273,-16.57826870766294,-11.217874698608306,-15.839886481434165,-14.259456488018063,-16.845490974883617,-12.385149649864578,-16.672360374297327,-14.498596750435146
119,-7.2465421825059435,-13.787217382181634,-16.76146695316589,-12.355482521568806,-13.89728664548706,-11.57732776428415,-12.31649936614985,-14.97251533232273,-16.57826870766294,-11.217874698608306,-15.839886481434165,-14.259456488018063,-16.845490974883617,-12.385149649864578,-16.672360374297327,-14.498596750435146
120,-7.168015413727956,-13.79372836478353,-16.66089448808994,-12.412297218789899,-13.834815393494372,-11.604744598903665,-12.270145998093758,-14.979774317910811,-16.524545674182917,-11.242815239640265,-15.804114153859013,-14.301636368449229,-16.65692514377658,-12.37137371858188,-16.591560953472662,-14.577235682479673
121,-7.168015413727956,-13.79372836478353,-16.66089448808994,-12.412297218789899,-13.834815393494372,-11.604744598903665,-12.270145998093758,-14.979774317910811,-16.524545674182917,-11.242815239640265,-15.804114153859013,-14.301636368449229,-16.65692514377658,-12.37137371858188,-16.591560953472662,-14.577235682479673
122,-7.223620714011134,-13.787270109157305,-16.733000270475436,-12.501035182185785,-13.879888992848183,-11.656047466612874,-12.271065150531117,-15.083773523298717,-16.50246086867635,-11.282036369408685,-15.805846116479634,-14.4378087260647,-16.7313352764028,-12.462798678130714,-16.696610892002703,-14.803248472444212
123,-7.223620714011134,-13.787270109157305,-16.733000270475436,-12.501035182185785,-13.879888992848183,-11.656047466612874,-12.271065150531117,-15.083773523298717,-16.50246086867635,-11.282036369408685,-15.805846116479634,-14.4378087260647,-16.7313352764028,-12.462798678130714,-16.696610892002703,-14.803248472444212
124,-7.28145563219485,-13.645070249131878,-16.78547277267011,-12.314160043582813,-13.872629709785315,-11.529092295105844,-12.250051322532212,-14.974344495771565,-16.55983173031721,-11.199730049941653,-15.853833425640644,-14.30157825766943,-16.84428860105482,-12.402797231818367,-16.707234891965268,-14.52244778726179
125,-7.28145563219485,-13.645070249131878,-16.78547277267011,-12.314160043582813,-13.872629709785315,-11.529092295105844,-12.250051322532212,-14.974344495771565,-16.55983173031721,-11.199730049941653,-15.853833425640644,-14.30157825766943,-16.84428860105482,-12.402797231818367,-16.707234891965268,-14.52244778726179
126,-7.1538168581702815,-13.730962492501245,-16.704168109690535,-12.38994265328812,-13.781997812609498,-11.575329877919954,-12.246175366687934,-15.107974346899095,-16.491847111763093,-11.180379802290421,-15.914435527682121,-14.458273975397443,-16.803009685349743,-12.425776226294984,-16.69276196713307,-14.657253875482537
127,-7.1538168581702815,-13.730962492501245,-16.704168109690535,-12.38994265328812,-13.781997812609498,-11.575329877919954,-12.246175366687934,-15.107974346899095,-16.491847111763093,-11.180379802290421,-15.914435527682121,-14.458273975397443,-16.803009685349743,-12.425776226294984,-16.69276196713307,-14.657253875482537
128,-15.194679714757392,-27.291773420853676,-33.438376564023585,-24.110815236737924,-28.2684271985707,-23.40576458522505,-25.292770398583823,-30.949971518977478,-33.75330402332605,-22.45119835271727,-32.44748361028205,-29.912699131695863,-33.860003765123224,-25.023952205671904,-33.500805589229344,-29.60256588913095
129,-15.194679714757392,-27.291773420853676,-33.438376564023585,-24.110815236737924,-28.2684271985707,-23.40576458522505,-25.292770398583823,-30.949971518977478,-33.75330402332605,-22.45119835271727,-32.44748361028205,-29.912699131695863,-33.860003765123224,-25.023952205671904,-33.500805589229344,-29.60256588913095
