,vallecula_x,vallecula_y,tongueRoot1_x,tongueRoot1_y,tongueRoot2_x,tongueRoot2_y,tongueBody1_x,tongueBody1_y,tongueBody2_x,tongueBody2_y,tongueDorsum1_x,tongueDorsum1_y,tongueDorsum2_x,tongueDorsum2_y,tongueBlade1_x,tongueBlade1_y,tongueBlade2_x,tongueBlade2_y,tongueTip1_x,tongueTip1_y,tongueTip2_x,tongueTip2_y,hyoid_x,hyoid_y,mandible_x,mandible_y,shortTendon_x,shortTendon_y
0,-13.777265078707494,-14.289601090849656,-4.641350771196174,-14.269314079853883,-11.042241527696028,-14.278503975875479,-11.200767907670103,-13.612089026285991,-11.889826222392788,-12.152785737955476,-12.450166780094364,-11.69202974879526,-12.525081815733154,-13.063529957878714,-12.907318812178216,-13.740871489636003,-13.26618369529756,-13.814776714052089,-13.398668223062618,-13.365760596247103,-14.615057835964626,-12.892339345253513,-14.341978452141365,-14.411691533553872,-14.425351067238038,-14.595359451425473,-14.590070652858252,-14.670333551855457
1,-13.777265078707494,-14.289601090849656,-4.641350771196174,-14.269314079853883,-11.042241527696028,-14.278503975875479,-11.200767907670103,-13.612089026285991,-11.889826222392788,-12.152785737955476,-12.450166780094364,-11.69202974879526,-12.525081815733154,-13.063529957878714,-12.907318812178216,-13.740871489636003,-13.26618369529756,-13.814776714052089,-13.398668223062618,-13.365760596247103,-14.615057835964626,-12.892339345253513,-14.341978452141365,-14.411691533553872,-14.425351067238038,-14.595359451425473,-14.590070652858252,-14.670333551855457
2,-13.777265078707494,-14.289601090849656,-4.641350771196174,-14.269314079853883,-11.042241527696028,-14.278503975875479,-11.200767907670103,-13.612089026285991,-11.889826222392788,-12.152785737955476,-12.450166780094364,-11.69202974879526,-12.525081815733154,-13.063529957878714,-12.907318812178216,-13.740871489636003,-13.26618369529756,-13.814776714052089,-13.398668223062618,-13.365760596247103,-14.615057835964626,-12.892339345253513,-14.341978452141365,-14.411691533553872,-14.425351067238038,-14.595359451425473,-14.590070652858252,-14.670333551855457
3,-13.777265078707494,-14.289601090849656,-4.641350771196174,-14.269314079853883,-11.042241527696028,-14.278503975875479,-11.200767907670103,-13.612089026285991,-11.889826222392788,-12.152785737955476,-12.450166780094364,-11.69202974879526,-12.525081815733154,-13.063529957878714,-12.907318812178216,-13.740871489636003,-13.26618369529756,-13.814776714052089,-13.398668223062618,-13.365760596247103,-14.615057835964626,-12.892339345253513,-14.341978452141365,-14.411691533553872,-14.425351067238038,-14.595359451425473,-14.590070652858252,-14.670333551855457
4,-13.777265078707494,-14.289601090849656,-4.641350771196174,-14.269314079853883,-11.042241527696028,-14.278503975875479,-11.200767907670103,-13.612089026285991,-11.889826222392788,-12.152785737955476,-12.450166780094364,-11.69202974879526,-12.525081815733154,-13.063529957878714,-12.907318812178216,-13.740871489636003,-13.26618369529756,-13.814776714052089,-13.398668223062618,-13.365760596247103,-14.615057835964626,-12.892339345253513,-14.341978452141365,-14.411691533553872,-14.425351067238038,-14.595359451425473,-14.590070652858252,-14.670333551855457
5,-13.777265078707494,-14.289601090849656,-4.641350771196174,-14.269314079853883,-11.042241527696028,-14.278503975875479,-11.200767907670103,-13.612089026285991,-11.889826222392788,-12.152785737955476,-12.450166780094364,-11.69202974879526,-12.525081815733154,-13.063529957878714,-12.907318812178216,-13.740871489636003,-13.26618369529756,-13.814776714052089,-13.398668223062618,-13.365760596247103,-14.615057835964626,-12.892339345253513,-14.341978452141365,-14.411691533553872,-14.425351067238038,-14.595359451425473,-14.590070652858252,-14.670333551855457
6,-13.777265078707494,-14.289601090849656,-4.641350771196174,-14.269314079853883,-11.042241527696028,-14.278503975875479,-11.200767907670103,-13.612089026285991,-11.889826222392788,-12.152785737955476,-12.450166780094364,-11.69202974879526,-12.525081815733154,-13.063529957878714,-12.907318812178216,-13.740871489636003,-13.26618369529756,-13.814776714052089,-13.398668223062618,-13.365760596247103,-14.615057835964626,-12.892339345253513,-14.341978452141365,-14.411691533553872,-14.425351067238038,-14.595359451425473,-14.590070652858252,-14.670333551855457
7,-13.777265078707494,-14.289601090849656,-4.641350771196174,-14.269314079853883,-11.042241527696028,-14.278503975875479,-11.200767907670103,-13.612089026285991,-11.889826222392788,-12.152785737955476,-12.450166780094364,-11.69202974879526,-12.525081815733154,-13.063529957878714,-12.907318812178216,-13.740871489636003,-13.26618369529756,-13.814776714052089,-13.398668223062618,-13.365760596247103,-14.615057835964626,-12.892339345253513,-14.341978452141365,-14.411691533553872,-14.425351067238038,-14.595359451425473,-14.590070652858252,-14.670333551855457
8,-13.777265078707494,-14.289601090849656,-4.641350771196174,-14.269314079853883,-11.042241527696028,-14.278503975875479,-11.200767907670103,-13.612089026285991,-11.889826222392788,-12.152785737955476,-12.450166780094364,-11.69202974879526,-12.525081815733154,-13.063529957878714,-12.907318812178216,-13.740871489636003,-13.26618369529756,-13.814776714052089,-13.398668223062618,-13.365760596247103,-14.615057835964626,-12.892339345253513,-14.341978452141365,-14.411691533553872,-14.425351067238038,-14.595359451425473,-14.590070652858252,-14.670333551855457
9,-13.777265078707494,-14.289601090849656,-4.641350771196174,-14.269314079853883,-11.042241527696028,-14.278503975875479,-11.200767907670103,-13.612089026285991,-11.889826222392788,-12.152785737955476,-12.450166780094364,-11.69202974879526,-12.525081815733154,-13.063529957878714,-12.907318812178216,-13.740871489636003,-13.26618369529756,-13.814776714052089,-13.398668223062618,-13.365760596247103,-14.615057835964626,-12.892339345253513,-14.341978452141365,-14.411691533553872,-14.425351067238038,-14.595359451425473,-14.590070652858252,-14.670333551855457
10,-13.777265078707494,-14.289601090849656,-4.641350771196174,-14.269314079853883,-11.042241527696028,-14.278503975875479,-11.200767907670103,-13.612089026285991,-11.889826222392788,-12.152785737955476,-12.450166780094364,-11.69202974879526,-12.525081815733154,-13.063529957878714,-12.907318812178216,-13.740871489636003,-13.26618369529756,-13.814776714052089,-13.398668223062618,-13.365760596247103,-14.615057835964626,-12.892339345253513,-14.341978452141365,-14.411691533553872,-14.425351067238038,-14.595359451425473,-14.590070652858252,-14.670333551855457
11,-13.777265078707494,-14.289601090849656,-4.641350771196174,-14.269314079853883,-11.042241527696028,-14.278503975875479,-11.200767907670103,-13.612089026285991,-11.889826222392788,-12.152785737955476,-12.450166780094364,-11.69202974879526,-12.525081815733154,-13.063529957878714,-12.907318812178216,-13.740871489636003,-13.26618369529756,-13.814776714052089,-13.398668223062618,-13.365760596247103,-14.615057835964626,-12.892339345253513,-14.341978452141365,-14.411691533553872,-14.425351067238038,-14.595359451425473,-14.590070652858252,-14.670333551855457
12,-7.038767735875364,-6.904575457803352,-9.087785497748067,-6.898500684690706,-5.297465866377498,-7.202880925178578,-5.345188607040411,-7.290322476872741,-5.396426870796217,-7.063698428823288,-5.476470043098007,-6.583684376070953,-5.474362670236075,-6.846981750930868,-5.6771658633526165,-7.132487903534156,-5.881723560140103,-6.869327054055785,-5.900919909656112,-6.762275009424335,-10.883660247431001,-6.547683615056219,-6.653443575185381,-6.757341371431092,-6.782795351275747,-6.9050585018124,-6.849421054772409,-7.050755655895558
13,-7.200269006117931,-7.112933249525607,-9.028463009629858,-7.180380713890585,-5.610948185144233,-7.469737259752521,-5.914305072346028,-7.835903473176777,-6.008797951682782,-7.626672288958957,-5.934530514524568,-6.738036850403746,-5.901024075804767,-7.240435108730539,-5.989491104770471,-7.24644332456828,-6.067731784875685,-7.0346272929964995,-6.060936936989083,-6.796936376201695,-11.253685917342146,-6.675481416556184,-6.123529951522857,-7.154868499903641,-6.822753226711984,-6.830843904257575,-6.811940594850175,-6.886607814183728
14,-7.245523988160091,-6.654865407689455,-9.236252458832949,-6.912359229172667,-5.618612609500369,-7.298565366504928,-5.687254212856339,-7.567610229782468,-5.809078155653141,-7.4166855716463065,-5.890777050069374,-6.801222003425837,-5.836748194979038,-7.342008224644404,-5.971239104662308,-7.374498666245193,-6.138430700438773,-7.033617577831582,-6.118157312756458,-6.800328964125216,-11.207491671397445,-6.678931838556355,-6.499874054931406,-7.048701111821702,-6.766790521646947,-6.817082643923113,-6.757928101077656,-7.0208939438188676
15,-7.165935206641405,-6.66085114838698,-9.225292982613645,-6.927304025422781,-5.611347746169034,-7.306391376869738,-5.760564274183808,-7.610517522735599,-5.8433676266511,-7.442930222075358,-5.880070155213962,-6.805717642820254,-5.838772419653375,-7.351149267368257,-5.987299034680627,-7.403424039452059,-6.172165166134272,-7.058394132498183,-6.148711950914018,-6.807780886161968,-11.221397580911951,-6.697851481473889,-6.496866141034108,-7.061910761290324,-6.770572871111256,-6.787412218109396,-6.753169732828629,-7.01366406823807
16,-7.237322242790982,-6.617175059912814,-9.169488518171589,-6.888535438625296,-5.594367263737863,-7.263936586252369,-5.68286000300447,-7.527007169340037,-5.811524618575153,-7.37835101423652,-5.864619485180401,-6.778453288683462,-5.802200389139781,-7.284403313366231,-5.976965133619471,-7.3687788477795,-6.162886854273971,-7.050404276523775,-6.156271269159994,-6.81242923931476,-11.22984322535376,-6.698984927653837,-6.581300240248232,-7.013507005217177,-6.773481439523875,-6.768760371668352,-6.776586921589094,-6.9966095842298115
17,-7.236211665178115,-6.607520931927822,-9.193533986652994,-6.879252364815983,-5.590231721018876,-7.21569451359469,-5.6386920999451,-7.484841646086161,-5.771323853455801,-7.359965569570684,-5.845405182915352,-6.768406626130256,-5.801010248837663,-7.226095691018226,-5.974994784380456,-7.348199176529322,-6.151045699994353,-7.027902894336217,-6.146632126029722,-6.814008493261414,-11.229460743017748,-6.687179188703104,-6.601332004590826,-7.005649331592193,-6.778658097039183,-6.7751046470497185,-6.783836588014445,-7.009712079804143
18,-7.261815878214779,-6.5985293675365915,-9.193249052453753,-6.876749530119628,-5.584922467789535,-7.208798358808167,-5.644021239934132,-7.513480358656269,-5.754925546879138,-7.371907907150218,-5.835723354224987,-6.765248134439375,-5.802450043516282,-7.231046825577765,-5.97261518168889,-7.35271133877258,-6.14889009303968,-7.031181891565992,-6.1442391737856665,-6.812420702806941,-11.229164377394307,-6.6879563033784555,-6.605628292911957,-6.995551734440832,-6.782914203106456,-6.770022017340782,-6.7871515582698665,-7.007803286800197
19,-7.291533632121695,-6.620215209970611,-9.180394526928326,-6.898479942966703,-5.5782952659643765,-7.229651274634337,-5.635298536611103,-7.538255687376102,-5.751370840218548,-7.390394947673035,-5.832877439169151,-6.767955256713146,-5.806393648407461,-7.239476195425193,-5.974711223020211,-7.363249794172421,-6.150615459641682,-7.037990228628415,-6.146784216461606,-6.8152063000954906,-11.230382424590124,-6.692009368983176,-6.604575471840652,-6.984108845179683,-6.780198768918739,-6.770291126984214,-6.778304689146671,-7.001887490897781
20,-7.312736555498677,-6.576403111374558,-9.17758173231538,-6.838625473190235,-5.5600020016747775,-7.161043062491623,-5.607172689812092,-7.451535413912941,-5.731466729805776,-7.3347102017043015,-5.814472921671937,-6.75576828245117,-5.792502276821843,-7.23970551224093,-5.964669933149946,-7.387085498405575,-6.146549957515092,-7.05915301419238,-6.1457148747563215,-6.816840367408143,-11.235996303258219,-6.686061342289485,-6.627855824158129,-7.002997062654224,-6.790956510317738,-6.768147572341744,-6.798120143569458,-6.99425162249637
21,-7.368267849129745,-6.595761237722567,-9.200280362182792,-6.845010083123138,-5.5819472881759795,-7.209503620669213,-5.6556920106614745,-7.535938760889894,-5.763064562910337,-7.364654871081169,-5.81331075217804,-6.772228220528456,-5.771389613468526,-7.223405040380247,-5.957865968809154,-7.365553045293242,-6.138426784713151,-7.048605736725886,-6.140176993736579,-6.80836136869371,-11.23427939979049,-6.685979238256168,-6.607650467236171,-6.988619101186098,-6.8040522212939605,-6.756569642670949,-6.811031851304628,-6.979569724319722
22,-7.164209317151774,-6.571964647730309,-9.249754008335751,-6.790661388751449,-5.6036484463355185,-7.100901281710793,-5.615417803159046,-7.312649524055458,-5.696628093305875,-7.118108969770108,-5.777501696356574,-6.729664358052184,-5.770443937223234,-7.207871593730822,-5.946899082371136,-7.367400754101415,-6.117623513417174,-7.0477948230397205,-6.121460453250759,-6.812770699627551,-11.209723723488118,-6.678894481221194,-6.603345473682445,-6.985601924804244,-6.812170461619308,-6.7393254944801795,-6.826349785749674,-6.944822867068759
23,-7.0938369423519205,-6.727917091822238,-9.199159575878886,-6.87972635162005,-5.520899702548258,-7.11886736950614,-5.488768200871667,-7.125293620412426,-5.576639065800771,-6.889626130740721,-5.716515218592794,-6.696699618513124,-5.703399539881375,-7.029805768398476,-5.898772082994946,-7.287088227408929,-6.067373985447014,-7.001995380146052,-6.087590432025431,-6.782808905049902,-11.214124209917838,-6.682405660206022,-6.590562095655182,-7.038932539548909,-6.815828456853335,-6.740326110013486,-6.834563407665683,-6.9426919270497605
24,-7.147281001577491,-6.7109346089365225,-9.252800300095345,-6.898390830374691,-5.532965756598949,-7.15731283336781,-5.509720646230036,-7.148305590360598,-5.53921254469725,-6.893579287969058,-5.678637944470192,-6.667255560427522,-5.699170986439887,-7.025211524607336,-5.8941461112296585,-7.280571991719289,-6.063245831710477,-7.003601990615072,-6.085473879420744,-6.787254628464448,-11.201070933440404,-6.68266921415297,-6.636130915846984,-6.967616853253318,-6.821137722198277,-6.743031500955404,-6.829285033035662,-6.9378708493531835
25,-7.181436239960369,-6.702717654572803,-9.378305354819927,-6.867885900062375,-5.608844031342287,-7.099810733556571,-5.606030676661302,-7.178815284538197,-5.628217667799723,-6.948450699507324,-5.768823930768114,-6.727013588566246,-5.716603194109687,-7.026834665930678,-5.9082899909928415,-7.286637376035426,-6.070655852983589,-7.00909234750355,-6.094766934416547,-6.791359790145975,-11.211546139324405,-6.679844835406845,-6.662147783633844,-6.947586475479416,-6.829870580555575,-6.744643051314326,-6.841629973252656,-6.929826202588651
26,-7.233349861704222,-6.742472117865894,-9.349395024048375,-6.923209455462202,-5.615851849488485,-7.201054574176656,-5.625658860534011,-7.249558810044535,-5.6098520138111665,-6.919903398844911,-5.709542785047837,-6.6880338728190525,-5.6893389638742615,-7.015171138233722,-5.889934420600616,-7.2628689085967,-6.056890609026673,-6.979260835730329,-6.081611347492766,-6.778677684555031,-11.196639413961107,-6.679181845337807,-6.662237396322307,-6.906123258988953,-6.836904297925702,-6.764588861445025,-6.862744035159936,-6.916213952735264
27,-7.318928282070356,-6.7693885209873415,-9.380732371538413,-7.02900377105717,-5.607487762777497,-7.402885389273092,-5.663253979306651,-7.6811484581983,-5.5972939006542255,-7.050959216477265,-5.678824638364794,-6.681042297326626,-5.681398293799222,-7.017435839476033,-5.879768946943152,-7.260461935599201,-6.052238237522549,-6.975407032249646,-6.080090914042146,-6.778162798346536,-11.19708241074379,-6.675349229062541,-6.655285499987659,-6.9099924942522755,-6.8354533151591355,-6.761570234336159,-6.870728358487574,-6.904901864608267
28,-7.361221924893852,-6.727099088089175,-9.405920960833406,-6.9096036527282765,-5.666440666955154,-7.213557584251562,-5.698853918195242,-7.436812609971524,-5.69692283195072,-7.03987959232014,-5.742577102860784,-6.6932713994008655,-5.695087242917406,-7.011187878786119,-5.894831887285289,-7.266265669754066,-6.06634023388292,-6.974686438247653,-6.09572138427855,-6.785134878785841,-11.20953907684315,-6.682745981424122,-6.6595792279462644,-6.922962521166082,-6.8313424724405065,-6.75450564007088,-6.868216778372233,-6.945051281554456
29,-7.323858016047729,-6.699921675067153,-9.434645847494288,-6.8799906165480875,-5.674213592796473,-7.199073168934795,-5.704568568812961,-7.397902263567492,-5.719057307669217,-7.014741712400099,-5.763168272598521,-6.705046943600215,-5.687968200447358,-7.008012763427079,-5.874714113758911,-7.257236133112944,-6.04721093529016,-6.961251385226854,-6.076922912724159,-6.7677257943121845,-11.169234127881522,-6.673109431033639,-6.669256886227679,-6.920957354761935,-6.814881493887367,-6.77815186317382,-6.860262877953123,-6.982310698148081
30,-7.296173204321888,-6.660785733995025,-9.40237789543428,-6.874913503439369,-5.656991995953783,-7.243265506762124,-5.715561543846259,-7.452233030653907,-5.728083843879849,-7.020786382103156,-5.763942468842698,-6.710295959585373,-5.692103847166615,-7.023868307948723,-5.876683960229556,-7.26812901502606,-6.050483502978385,-6.967801034932974,-6.077591545582593,-6.773748974513842,-11.167930739799377,-6.673230945002949,-6.678628325150805,-6.9283497713959665,-6.811903045000212,-6.7784669638417645,-6.858811592538785,-6.983450681419682
31,-7.26063954668567,-6.632903659008181,-9.477871922166955,-6.743682920308803,-5.693563885443709,-6.922794705047358,-5.7673368821165285,-7.070178586404408,-5.8357625765953145,-6.943315284345514,-5.84237840814912,-6.722648162409734,-5.717475686847523,-7.026676516402585,-5.884627700463392,-7.265214378169839,-6.052438918460655,-6.962590963586145,-6.075169399509508,-6.766080045462514,-11.157061414185772,-6.659781483305198,-6.674059102184244,-6.907852312093892,-6.805390955109304,-6.778732344483205,-6.861713599980267,-7.000501683499805
32,-7.138934476943261,-6.615756020974458,-9.559047035998056,-6.688558331817004,-5.693811888838414,-6.832851029489336,-5.714228494705038,-6.867832201510331,-5.803445739801085,-6.843109985183555,-5.854396244195691,-6.718556840590158,-5.723475177363072,-7.032319291564989,-5.887337119205173,-7.27801699353095,-6.057541598411259,-6.9712130573497655,-6.083829607630849,-6.77378132338558,-11.165475249751765,-6.666422468040089,-6.685361054453099,-6.911028831392909,-6.802940186340895,-6.791508526792643,-6.858757507368065,-7.015364641939506
33,-7.226302730974454,-6.582904395200758,-9.505496326623637,-6.692689007741588,-5.667805977310377,-6.8955263025784665,-5.676391524368515,-6.957697821339593,-5.758724767662133,-6.910102520306657,-5.824566060348847,-6.704492716667448,-5.723728464963347,-7.039259420022863,-5.890679020555447,-7.286307446648804,-6.063179753840612,-6.98196355410565,-6.0843466209256105,-6.787125682267383,-11.163230008615018,-6.671285489933489,-6.676804834958727,-6.913404378852597,-6.803330856710354,-6.787524709669352,-6.8532864543173515,-7.008540759179321
34,-7.251847222564255,-6.631122574078707,-9.367027781038525,-6.756253941478581,-5.641367351525953,-6.964537185883684,-5.69224101635052,-7.237719194279379,-5.724924985757965,-6.951300491674371,-5.772058985910511,-6.702708029347917,-5.711791248736414,-7.0280265862074165,-5.893945003881966,-7.283924970777956,-6.071950000301516,-6.981802058583405,-6.0892191651643905,-6.803733233585754,-11.168981208527487,-6.716167249226372,-6.67844705148386,-6.9365395107948835,-6.780700037519551,-6.806227519137558,-6.8042424722176,-7.037160119297223
35,-7.185905093277106,-6.66436603853689,-9.366122894994852,-6.775763453433342,-5.623542107531569,-6.942624732751279,-5.649722518032521,-7.02230408564378,-5.735343269919369,-6.888059624789506,-5.758296728786256,-6.672784699008512,-5.684437225970564,-7.032785305507774,-5.8687804414652565,-7.263905084932567,-6.044582504466684,-6.958050926852882,-6.058586833752152,-6.777678913140122,-11.084060044192043,-6.671787556097225,-6.65733635037218,-6.975452632431666,-6.838724491703408,-6.782275517871642,-6.881482293265868,-6.933611058472068
36,-7.213194778258553,-6.72630116204077,-9.34620051236091,-6.880224921208121,-5.640616882920102,-7.150009778666784,-5.693182059639378,-7.270536432439548,-5.742972110538415,-6.9144643312613985,-5.802286477701805,-6.671442080160525,-5.717458558792587,-7.027375010151667,-5.904793739753216,-7.2965003361982035,-6.079198987358442,-7.030682678963794,-6.11595553300573,-6.817010198984767,-11.222510115739214,-6.637094907339053,-6.683136611489214,-6.983163126720949,-6.8606366975103885,-6.791222636640268,-6.9110849100403176,-6.920076803808919
37,-7.069264281579243,-6.681550593603696,-9.379612938841152,-6.811200304786355,-5.65335977956884,-6.9879066790101625,-5.653677345106401,-6.89776956296611,-5.630655539685002,-6.575646121252195,-5.810749545311472,-6.647997679078598,-5.720390051346597,-7.005376937958839,-5.901265311337958,-7.309581280615328,-6.112464544910761,-6.998832227728586,-6.26238895421188,-6.487722497056054,-11.737297979481063,-6.067611069244217,-6.656567217468922,-6.933879943708035,-6.8615192824013915,-6.808472378334022,-6.922437725406904,-6.924092859720542
38,-7.08119409302522,-6.639509217261161,-9.291866741541071,-6.69524715370195,-5.681709667625995,-6.810691429295699,-5.681410421909089,-6.812969391276536,-5.648122439061475,-6.5204443812850865,-5.878125038199579,-6.703766695798957,-5.732242665362783,-7.090397069932165,-5.8919776712531675,-7.357846353491372,-6.128762773879125,-6.990625899032872,-6.294056253950059,-6.199580313528622,-11.811998408939017,-5.718061357797991,-6.651033761974505,-6.97293416288979,-6.853451113912132,-6.788223276041673,-6.922987591309231,-6.882726857083768
39,-7.218152261595074,-6.700374394472863,-9.234747925044553,-6.813891351422736,-5.577816912194382,-6.998581928499147,-5.487203616110046,-6.912907404715444,-5.435240513907654,-6.447990643168293,-5.67961692058001,-6.669974719219083,-5.592045383450286,-7.017976710862115,-5.87189358320753,-7.086545887966441,-6.229188409964042,-6.598733698082783,-6.435067156847959,-5.818328192761812,-12.143761880376806,-5.511109110377388,-6.614956717744623,-6.984622148317413,-6.841618753877143,-6.798185926351556,-6.874655730623968,-6.917184017913847
40,-7.0958626455697384,-6.66670929863683,-9.24611077604473,-6.8242015246761945,-5.58805221896333,-7.046515302260951,-5.517963467145105,-6.862831327072139,-5.5157411714932785,-6.454287316002633,-5.856368781875842,-6.7302940867783585,-5.791120613723617,-7.183844990257637,-5.999502228538582,-7.253210264894516,-6.28846319602621,-6.8591017858980825,-6.495038344699112,-6.089516422469344,-12.33860753709018,-5.640393405400569,-6.621923976254434,-6.992414138602498,-6.829002852143409,-6.79365083843445,-6.878144787522646,-6.932720381254977
41,-7.148860302061187,-6.710512329891425,-9.210460837776614,-6.859876521749242,-5.621298882381551,-7.115488126798183,-5.603551411577503,-6.885934362496783,-5.592258892279614,-6.428568239671707,-5.958009605444427,-6.649180540508649,-5.93145907233135,-7.091944299482021,-6.1081499703608575,-7.218599473442363,-6.366444382314008,-6.880148726649739,-6.557279117323259,-6.235191928413287,-12.454704503028559,-5.760983704335751,-6.665907419969213,-6.906628655798733,-6.8577501386960495,-6.84561323812932,-6.870320466158389,-6.862349220862875
42,-7.116432159661817,-6.582263852293395,-9.42376961808379,-6.679530304391727,-5.792643394435391,-6.886605045446101,-5.782836396164067,-6.7073251598907735,-5.842365779598217,-6.326363375123468,-6.113685476294978,-6.380343274334465,-6.115193274733061,-7.008392322294505,-6.341557169165756,-7.214021116835597,-6.631443071616347,-6.879845370319201,-6.7235643422699365,-6.266824182784292,-12.736171935194083,-5.871342198638897,-6.638065525772757,-6.910544720850688,-6.83560958330692,-6.802736551776945,-6.877908164900744,-6.885125905569209
43,-6.957006662132924,-6.597798151214639,-9.39426640760075,-6.692964027637627,-5.829285034880077,-6.895680417095738,-5.872193862759627,-6.69735542190915,-5.951485163088935,-6.276149480916967,-6.224357033596504,-6.330289415106389,-6.25168414936365,-6.964791024563992,-6.454089299408704,-7.167573522271006,-6.713541153929518,-6.883121422341882,-6.8325609155587665,-6.314541015047237,-12.810742025843822,-5.883041202346318,-6.646444568180229,-6.994631559503169,-6.808023853303473,-6.815215035427715,-6.904955820745836,-6.902073146190891
44,-7.0548798583425265,-6.535637639508775,-9.504123092680024,-6.617590139034964,-5.9047581512997755,-6.810464016410457,-5.941680911846613,-6.566323791419274,-6.02223961992528,-6.12498789994554,-6.328094662968835,-6.265808695078579,-6.307353961131647,-6.834798438451574,-6.511430031919408,-7.071062140275503,-6.764253716454428,-6.786978082010647,-6.92288050129143,-6.207934858944841,-13.004551954527638,-5.784375143427926,-6.6371366262477824,-6.929760746845651,-6.860202558184328,-6.833690375774686,-6.957609987991193,-6.913037041504326
45,-7.0057194556237254,-6.4485380527868,-9.54500201342639,-6.497458682881968,-6.067620602805563,-6.704680845450889,-6.0821848262319484,-6.507948613353602,-6.182364649349747,-6.020599008259521,-6.4628001421082395,-6.02478399171506,-6.520662086025395,-6.682567392863627,-6.7014151377473725,-6.962430935172401,-6.9136689957907675,-6.679698913662242,-7.053113230858669,-6.196641508389204,-13.232297298747834,-5.8682871075591505,-6.70895018649139,-6.898880454406916,-6.877891672321455,-6.8042412040788935,-6.991779421368368,-6.882163481111425
46,-6.9870549953618655,-6.456161096284947,-9.61533744522647,-6.508797492003572,-6.148953229986602,-6.736752170467155,-6.155092947835553,-6.475533719025839,-6.239970194041501,-5.9806474307573385,-6.499705441142071,-5.935454974939499,-6.5297072561278675,-6.559642509161745,-6.7011310736187575,-6.897005885683814,-6.928764118061904,-6.5795672720597596,-7.0635867524573515,-6.112312941957029,-13.224293875262472,-5.796620138956909,-6.637114095057541,-6.987007426642274,-6.851224292806219,-6.7850194418340966,-6.986971475046179,-6.848533626406368
47,-7.071037827576977,-6.510070974930243,-9.652222549560182,-6.532342421594903,-6.197309155778033,-6.739062948503547,-6.155480750896126,-6.5009133913622525,-6.235229263462756,-5.9160489253814195,-6.477418274055561,-5.780911557665408,-6.525213477350843,-6.4152092896390345,-6.656697913451301,-6.716002871431954,-6.889685176358668,-6.470068399299224,-6.991299064832931,-6.058866765077378,-13.009391558608842,-5.743688489717404,-6.6984695985213545,-6.91471926200873,-6.826062369813286,-6.806234977141531,-6.952450488059319,-6.896278521387595
48,-7.083813994476976,-6.5290728842923595,-9.76003934942208,-6.526189043474033,-6.304981810171645,-6.7252128459865235,-6.316668514037285,-6.41916694865033,-6.376025781935573,-5.833442980036589,-6.583787703923356,-5.6401680080371,-6.651492917047365,-6.294668773655722,-6.746601947700305,-6.634689089839467,-6.929325045757195,-6.498242250347152,-7.006946015456689,-6.084291630393775,-13.020941283834377,-5.799356666387384,-6.694110325282046,-6.855086087529101,-6.813987904197225,-6.78698524738183,-6.92012952806896,-6.87512650434934
49,-7.054429232879838,-6.540360429074488,-9.653926740329046,-6.571982929012512,-6.272154944166337,-6.762621325885949,-6.369143044032528,-6.5152426820629215,-6.399460478021183,-5.756785216709414,-6.622850484276679,-5.600403183061357,-6.713244745413788,-6.219636838711742,-6.811000039809892,-6.6358764186589365,-6.939159880121462,-6.496494269937689,-6.995481787143819,-6.1221833914460815,-12.784480307641074,-5.961416070470604,-6.670151476894785,-6.86940201473177,-6.791715291218418,-6.804446920688536,-6.915918208786283,-6.897732574577029
50,-6.988586639337458,-6.551853284373945,-9.655886085950911,-6.533145203135017,-6.260039375548994,-6.720171233881911,-6.431459366182739,-6.510917899798527,-6.460886060238786,-5.7674380247522965,-6.633875342171336,-5.514470652760245,-6.707653214024912,-6.136219815788198,-6.758656824889337,-6.603098741982056,-6.900919393166946,-6.468711149697379,-6.938826924096853,-6.188892156448417,-12.621416372823584,-6.1766173101186235,-6.704941170845843,-6.85953126837469,-6.776781778785867,-6.809817926551168,-6.926774680034068,-6.907759831221982
51,-7.0540920178414925,-6.495711544395206,-9.810616861795854,-6.434520610137064,-6.3147391937320485,-6.6570364364089665,-6.484505093789367,-6.436737618401379,-6.504206693390233,-5.643673270688532,-6.692435966142135,-5.387734327152368,-6.741157246576969,-6.049506429534077,-6.7620505113816405,-6.475084055111078,-6.843237328501348,-6.577588092893524,-6.78164358165265,-6.423816851647789,-12.279588883408657,-6.44002757500972,-6.683962584440583,-6.8430526563879335,-6.827994262302258,-6.853048868092356,-6.986334284128626,-6.909200653084501
52,-7.065448141449427,-6.497707654850709,-9.869289618723393,-6.423421483159493,-6.335098291854619,-6.582149467271477,-6.468189091918731,-6.329621437768663,-6.47954513117423,-5.513614681663527,-6.669176240548433,-5.177702562868194,-6.697698180882925,-5.9421271172787735,-6.695859547267378,-6.468257175006864,-6.761780935724409,-6.578304759952726,-6.6928491380527095,-6.493684573833317,-12.1249830062528,-6.593286658281798,-6.712757445569771,-6.868922769622134,-6.769399209283009,-6.845894777779375,-6.953030776870175,-6.943819375380074
53,-7.171123733555182,-6.513365658216146,-9.891668797422058,-6.387288631734381,-6.253081933092345,-6.4891526327707,-6.391702866214374,-6.169567515883545,-6.415896452989677,-5.303276068086473,-6.585880425798158,-4.970672268429192,-6.577076189635186,-5.808949926835631,-6.596128402473401,-6.453264412279901,-6.651747087895574,-6.765059359959577,-6.560496088935101,-6.870439302848778,-11.828158869505138,-6.91441318495398,-6.649273768773107,-6.888486674046937,-6.7742149093865365,-6.835026601486865,-6.919086698371002,-6.918405478303822
54,-7.100201800794804,-6.539119498629084,-9.843455359057671,-6.413169694018043,-6.182485786207052,-6.48236783512013,-6.292358802183101,-6.148830527111206,-6.2661451004205,-5.276381544717515,-6.46355916947348,-4.831994622945137,-6.488314456697549,-5.800443063719436,-6.487912538680296,-6.5396881902490644,-6.498458666453805,-6.790256097504724,-6.4245809218076,-6.951132215529513,-11.555798085737367,-7.2790844067364695,-6.637448478403632,-6.906541078012199,-6.739429289545949,-6.843191251338452,-6.8325628197362125,-6.9946597044738645
55,-7.163943888499052,-6.491341085811902,-9.902078032539263,-6.38211933318565,-6.188021514758641,-6.4508504766156385,-6.261742992284827,-6.146223294924249,-6.237565364605196,-5.221619107506291,-6.412511224505142,-4.775341469281686,-6.429417823185875,-5.783702409005558,-6.4267723856033205,-6.569079530077794,-6.463311113274623,-6.899324479161889,-6.402185958863976,-7.062349883014113,-11.52860304856865,-7.226479531549568,-6.658516165424849,-6.879681457425999,-6.738679862724538,-6.863046943921122,-6.845106072245849,-6.998586623025215
56,-7.151483822994568,-6.609126499033335,-9.842157927086301,-6.472219845830397,-6.119737913416678,-6.479536450726617,-6.17494273345716,-6.140576683471083,-6.152898054203988,-5.2112557625196105,-6.356779596455981,-4.660600627880043,-6.384742665591327,-5.690737371905867,-6.359191769716505,-6.490952459812011,-6.361530146658942,-6.92524131984118,-6.288148270517127,-7.0946533764736825,-11.352128181377369,-7.322075720662216,-6.624110013780409,-6.921747987557019,-6.753656293873734,-6.870118996190375,-6.831021955757868,-6.962719281300211
57,-7.147777473807468,-6.599887525753722,-9.807502212900577,-6.47513444215881,-6.090699988163797,-6.455503043536409,-6.179496267325047,-6.107608773340753,-6.155900951966718,-5.181736206533129,-6.35277326216151,-4.66055631161,-6.395076592069792,-5.68491377911634,-6.33992870241782,-6.5086961977405355,-6.3692387420106975,-6.941135620784311,-6.309556764560457,-7.180467295266493,-11.37406777160058,-7.664908911662898,-6.640838910462537,-6.934276476463725,-6.749764446657984,-6.8535373673527165,-6.796006314813791,-6.922945216207042
58,-7.1824937318426905,-6.620869353890164,-9.816151082573057,-6.488407609096687,-6.089676974160642,-6.460637688184984,-6.216481981288216,-6.078773580106259,-6.1714494067557775,-5.206987033802551,-6.383530497878736,-4.660129562342912,-6.46330282520228,-5.639170082445242,-6.439418015626198,-6.390354227389181,-6.493331023752363,-6.8077869518556495,-6.40354488451851,-7.049450770408593,-11.47854208464692,-7.532257119713198,-6.617331197952619,-6.9457674118716515,-6.750039566636478,-6.868217205176761,-6.825917104383909,-6.951256077492127
59,-7.118433129755178,-6.627417269758157,-9.773766274431646,-6.5239635333097175,-6.080427222548773,-6.553524575133807,-6.1726078915821265,-6.247996967604015,-6.160664351410765,-5.307712798891055,-6.389357097645574,-4.685073604118537,-6.477232086121547,-5.561176534005147,-6.487735564214327,-6.219492502356108,-6.546664185649506,-6.557964668903297,-6.472021364849863,-6.78912726870617,-11.60226619834457,-7.2655901983405595,-6.626689322990603,-6.925052224461394,-6.748385545325783,-6.911649512825274,-6.878103096870217,-7.014386916519024
60,-7.050427292693115,-6.665590129633873,-9.786285782311882,-6.522965625921576,-6.163098034713741,-6.5525933099715195,-6.263506254476495,-6.237124301625385,-6.266423978689838,-5.355696124840936,-6.452770596039178,-4.768107522090133,-6.491214288301526,-5.614665867397211,-6.549690704817825,-6.207126665551062,-6.614055291993778,-6.477156531035444,-6.547330613778907,-6.704119825257383,-11.883457436368873,-6.9637823401878345,-6.665177716648879,-6.930507590747471,-6.70507340711177,-6.867908319512132,-6.811402560078943,-6.958050712055973
61,-7.0006340839363475,-6.593526785720138,-9.753091286501844,-6.415602621422387,-6.185686580019957,-6.494107790390014,-6.3875367533350795,-6.239269031574267,-6.407776601578882,-5.477137228410397,-6.563589758201124,-4.904165583611614,-6.573304903357308,-5.697397575699014,-6.647239834889342,-6.100798711568784,-6.69030670648825,-6.334954078718542,-6.611358331260626,-6.620067122814751,-11.924850869544338,-6.788838350156087,-6.660059039883914,-6.919772621927457,-6.711747267550033,-6.83741191975819,-6.812408206222031,-6.948221228929123
62,-7.0663711092645745,-6.601280010334947,-9.778413206051589,-6.577590108401305,-6.194316323145063,-6.722202914286416,-6.374143220046039,-6.487685716970889,-6.415644999952987,-5.703091522507661,-6.565506871131316,-5.085335419579648,-6.551672169972277,-5.641231825126498,-6.625144170598415,-6.073331699220949,-6.643028724799156,-6.226843380234323,-6.590712172849553,-6.259268025494162,-12.097673146800657,-6.177490897033122,-6.661951147791733,-6.930456503705326,-6.734438062896147,-6.7506119404956175,-6.842632802459768,-6.887872450482585
63,-7.028694115257627,-6.665745569773173,-9.681886839234243,-6.591937235715334,-6.206458156010803,-6.690520164592658,-6.434496838430574,-6.479031185234296,-6.501021731733659,-5.7213543710555745,-6.684343369229567,-5.14456274670674,-6.706177087108551,-5.805889206301912,-6.771006827111107,-6.172117144271475,-6.827992919190888,-6.220776253623542,-6.6931985222646535,-6.321814568999546,-12.21916520840763,-6.228328072382696,-6.673194211722456,-6.927114559698416,-6.739518978658938,-6.763504343367001,-6.849728664180882,-6.878124444474108
64,-7.124606758918715,-6.7138905622522005,-9.796095369684364,-6.591462480699267,-6.306509011631743,-6.6761550940545105,-6.474425652862306,-6.486437292075273,-6.535156564070421,-5.742426713972517,-6.724356538190098,-5.188059439311704,-6.7021286377598805,-5.796711789186597,-6.80875467627291,-6.138343946064662,-6.8595218524300385,-6.2153963420010365,-6.752292482640269,-6.412359510284036,-12.261962111250119,-6.383729660404194,-6.641561956840301,-6.922594572826831,-6.708164104950152,-6.815907386796725,-6.807918573665021,-6.942559613780607
65,-7.235504659766774,-6.692825832708132,-9.776937774806107,-6.673373853422856,-6.262635661087306,-6.806260636924169,-6.440524788072598,-6.530510775039205,-6.4975265014812225,-5.81683290878213,-6.696673334131175,-5.145049131448329,-6.708728129230181,-5.716460919815503,-6.7800300110336815,-5.980143065787392,-6.830141673625722,-6.100167568841823,-6.721189283017868,-6.3184799394712226,-12.267229195589218,-6.300527896161169,-6.694644928977786,-6.906528306251665,-6.74847523443877,-6.821399585223952,-6.870788640917439,-6.932905619831792
66,-7.244973826952631,-6.677593346724029,-9.873442483917097,-6.678288873799551,-6.252466230220076,-6.820833386171565,-6.409592240502191,-6.4962944400132585,-6.485741251205776,-5.794305872114114,-6.698326158516822,-5.135056633225176,-6.739817625068133,-5.712527213886704,-6.797650534070092,-6.001700537241839,-6.828947866776845,-6.132142700510618,-6.71402973188232,-6.319544756499265,-12.226990191857938,-6.306487006899357,-6.7115325681366205,-6.900972590418521,-6.758221084556876,-6.841699029043128,-6.916801599908053,-6.955189959899749
67,-7.093398985074928,-6.5853052976856885,-9.776972291775612,-6.543945495644545,-6.275304931728241,-6.742016966705011,-6.388008612231441,-6.458408442241528,-6.429341425477072,-5.713274946339799,-6.654788558877261,-5.037970080734213,-6.686797471495645,-5.61697485050739,-6.741905085594955,-5.9862319047992605,-6.769315281286007,-6.100259851997391,-6.683196810612552,-6.382539242020242,-12.096825944547263,-6.56911564139327,-6.725843458447786,-6.899790290300335,-6.762295061198387,-6.844293792926085,-6.98143225214487,-6.93716958902667
68,-7.060943696563347,-6.603569514053379,-9.806757052441275,-6.535102607311294,-6.240745917013044,-6.719843270671379,-6.322970791361567,-6.444872800966102,-6.316819000166554,-5.652487136962597,-6.549419691600847,-4.901795483835951,-6.547007629677854,-5.557570724764596,-6.624876697825983,-6.082045379292889,-6.647864645941791,-6.3881621900536745,-6.591736311206661,-6.639752309847082,-11.878875406599143,-6.807335567822204,-6.619411748542459,-6.955942247765301,-6.710412385414389,-6.863463970643387,-6.867019580582842,-6.962851594569364
69,-7.0704478520716085,-6.6241154621325355,-9.724001602849532,-6.553361470129877,-6.165502289845737,-6.666907753156945,-6.236746315009056,-6.391007847589636,-6.233318749063097,-5.573040311952715,-6.441185073042296,-4.892524082451285,-6.47130214588968,-5.574321395615255,-6.5395217117817745,-6.1154193264568075,-6.568580012487713,-6.401851021752289,-6.510950864993404,-6.57195536474267,-11.697313446756297,-6.730489476798289,-6.630007552826234,-6.810237138138462,-6.7116663822763565,-6.851376410700972,-6.814238651218608,-6.9196004760399665
70,-6.950009600899008,-6.616398506883563,-9.56398973067042,-6.523547930617659,-5.911052959686198,-6.565322793209,-6.012238526623969,-6.377074277777629,-6.01534366082447,-5.406875463476065,-6.29529371252414,-4.825266756615192,-6.333464383302703,-5.610148062544651,-6.388456910952656,-6.195111085535603,-6.419684056261937,-6.4384167495427675,-6.329559246128236,-6.760542547626812,-11.448868282643412,-6.919760210123786,-6.613113256724828,-6.972530331985223,-6.784107123333198,-6.869167479183238,-6.84231448869459,-7.003469679042606
71,-6.898190085677483,-6.663745573314186,-9.400555940887106,-6.566577789379746,-5.804342610131415,-6.635057732828589,-5.910651700065048,-6.369907148823391,-5.920364462947553,-5.399701320279196,-6.194921824020428,-4.763926473501579,-6.223092754386617,-5.605618132894936,-6.287757434279542,-6.2510072739717195,-6.323432094223909,-6.579272751350499,-6.250168982421696,-6.881073545142755,-11.310228133667595,-6.910549779666221,-6.673181409909819,-6.914742980992581,-6.76355125902018,-6.881292329145528,-6.861160353754769,-6.980702743735052
72,-6.870978219551038,-6.677071974590129,-9.501705551208069,-6.575143353180958,-5.806043327855517,-6.588891037679397,-5.8887532444820705,-6.285554577748472,-5.900993657661217,-5.294806152032132,-6.157575460660599,-4.723632041743095,-6.208526122210919,-5.6673449480403395,-6.23824128589917,-6.328863312197938,-6.319172274213346,-6.610686821068151,-6.237564311303809,-6.909611540074044,-11.336395201069141,-6.982571848212561,-6.680290000431149,-6.909889711988915,-6.774039382840257,-6.906189010914939,-6.857980596426151,-7.007018460198429
73,-6.940109112152479,-6.638803907629089,-9.3039618937374,-6.624599305323955,-5.687979934009817,-6.628804348345803,-5.779322098084118,-6.271692204581707,-5.8257526971032245,-5.228966360962262,-6.107345468317986,-4.717594633842717,-6.185828335228006,-5.777054330009567,-6.195270678917803,-6.504842330624137,-6.272904060268914,-7.061288780202372,-6.244726687648618,-7.213260963990869,-11.399012912675113,-7.177041819447893,-6.655514908470122,-6.908350410754794,-6.750836864334147,-6.97468331942097,-6.850946143909292,-7.05520764920976
74,-6.8928634152149035,-6.640733956025391,-9.254339350853245,-6.57586700888506,-5.695474286593542,-6.625422286469846,-5.797379966115494,-6.253740163653437,-5.863101898876146,-5.195940896548004,-6.093716230593634,-4.730315044688551,-6.118724249209853,-5.778622646163168,-6.164881347608053,-6.595028241788617,-6.235679704113193,-7.094996184509471,-6.240976693222869,-7.274651933911391,-11.32349476236086,-7.334752993926615,-6.630023427073904,-6.909517506396153,-6.745892408080687,-6.993509185954764,-6.846837361096106,-7.040754165518808
75,-6.834183172567453,-6.6691678435067505,-9.282763736838444,-6.6283835176364905,-5.68263795811034,-6.6287263513645005,-5.80159116348853,-6.2132392069270495,-5.859808888411429,-5.17446898109858,-6.131924302960733,-4.671343767121711,-6.208901901355591,-5.669512650905421,-6.216379408899933,-6.4815252357743764,-6.291189519990225,-6.923108989906129,-6.225206375128046,-7.121930663986963,-11.27652313852431,-7.202100791456749,-6.593242795221466,-6.946267943248847,-6.747029754071773,-6.967703249200739,-6.836501459616507,-7.030964376372704
76,-6.814955279665497,-6.693376349868151,-9.305424465719733,-6.6633256404614345,-5.661738505369099,-6.701201052417639,-5.780926800403729,-6.250673740700276,-5.817809292369949,-5.1233747786564505,-6.10913539603248,-4.59866946116585,-6.200139603675557,-5.6547061649201344,-6.247986445199957,-6.55591675483334,-6.344525618681585,-7.059002808630655,-6.307003246256736,-7.334783094993672,-11.593565307070005,-7.434061516905716,-6.553395361133599,-6.995555383515269,-6.7321099976381475,-6.908484211638233,-6.848624988665864,-6.9998735436641395
77,-6.827626481598281,-6.683038285270241,-9.30152269455909,-6.655149560144277,-5.673512208195824,-6.666765385173003,-5.816311250695114,-6.2080644802155955,-5.861798043839645,-5.122390036690742,-6.15179436753057,-4.615616331099171,-6.230763008806445,-5.671481612530194,-6.2999480589282655,-6.426851818809057,-6.423733406020341,-6.911935365064608,-6.402362534442788,-7.274726965322228,-11.656875831507737,-7.433302054597529,-6.579567386889623,-6.955962925853788,-6.736702300319137,-6.907811748279825,-6.833614100242095,-6.999576883386985
78,-6.872157567314838,-6.692985158850914,-9.32121834807962,-6.615664999762691,-5.672390595620816,-6.561096860378721,-5.862881622370132,-6.164721176799365,-5.917296141135857,-5.09508345414766,-6.202461340270237,-4.589702802527039,-6.263366001862438,-5.605075680013573,-6.31787325959643,-6.403498238877049,-6.436168282197327,-6.8697855246265345,-6.380767105720023,-7.24767252559203,-11.519330373355677,-7.422601846455416,-6.596667536138239,-6.980336310388988,-6.707950611846844,-6.88953839554051,-6.80835970583871,-7.031981795773931
79,-6.864701435161101,-6.672003330714472,-9.401950832537079,-6.565557603843602,-5.798711727499565,-6.537542711748317,-5.948759177364021,-6.1290047450155525,-5.949817180264743,-5.045316241167103,-6.19642295961671,-4.556949249163741,-6.217704164497144,-5.621732515477561,-6.311874227414775,-6.402887374357111,-6.403220877351763,-6.916189225842036,-6.3322968739021315,-7.40649605073792,-11.48552219332255,-7.734261367565916,-6.607145563745749,-6.997206589698848,-6.685617472472766,-6.870383755331488,-6.794921231076209,-6.98637341189672
80,-6.808547590690013,-6.597390120848977,-9.435064788751607,-6.454139208195839,-5.952794169934496,-6.4150113335689065,-6.010806138767725,-6.104206787904596,-6.005760689773121,-5.06484534869225,-6.238798973180795,-4.522725052172331,-6.28831794468141,-5.509075753469751,-6.322913512497963,-6.391105298868045,-6.324691489476945,-7.012077314891913,-6.2082216879192105,-7.617400360802185,-11.203005844081396,-7.849971813280869,-6.5783578716316375,-6.949117870385586,-6.713537748370059,-6.928550592833194,-6.849469506071179,-7.078369435167893
81,-6.890472747599592,-6.651940542401637,-9.570588563075669,-6.471576852386306,-6.0863655260553085,-6.417553283381204,-6.17897321078325,-6.096527484634208,-6.159990285451702,-5.165479734266934,-6.326752800601384,-4.619309353602798,-6.332706077597778,-5.514857700216878,-6.387014468501335,-6.198785654533522,-6.451353955623466,-6.534906642575235,-6.422024578294618,-6.572359725639395,-11.836469520181295,-6.56192825431665,-6.681124166542605,-6.949282078735334,-6.717823017155052,-6.868577053868555,-6.789087920059106,-6.93800246623671
82,-6.9225739301585625,-6.713034346151559,-9.604551907461335,-6.560505073518887,-6.064488268263071,-6.563168009135211,-6.133904764064993,-6.240515800733947,-6.099335583568656,-5.21632760932398,-6.299815205284028,-4.59637212761137,-6.321374571677243,-5.462329915955628,-6.390155262503916,-6.184812389247684,-6.475164014731104,-6.490701538454369,-6.493155342726665,-6.383891604574844,-12.00071969331879,-6.287812855041442,-6.611056773542747,-6.968018859620663,-6.726269200494761,-6.837820245475818,-6.777935670533942,-6.881939244939491
83,-7.071700192714906,-6.712705978857289,-9.7645624260338,-6.5989126006763215,-6.115602801259139,-6.648276341713868,-6.119983589370387,-6.295472436004105,-6.088936464027655,-5.271195615414525,-6.292785013315428,-4.675811503679435,-6.329105033805333,-5.485207826689754,-6.4105294478986,-6.175822986197034,-6.503453174484114,-6.433880148884448,-6.545593110083401,-6.258126829185629,-12.111520093520973,-6.094011621157482,-6.570023379532143,-7.032034572501345,-6.726589440149724,-6.843461603982544,-6.7992908621606825,-6.915047506809832
84,-7.117385893070802,-6.682385436685183,-9.822410836513175,-6.62046402012737,-6.176844139538975,-6.657394940606154,-6.128715080348974,-6.249202895277279,-6.1737742734655665,-5.21939080954815,-6.367960810487367,-4.820940722698719,-6.423155702494629,-5.650271124987277,-6.493245402772721,-6.243645105589367,-6.581109845011024,-6.449210933537192,-6.6420838945784775,-6.217847990972991,-12.344617862966597,-5.983332921124397,-6.556228146234016,-6.981754583987554,-6.737459430499947,-6.820860744436763,-6.855318591929743,-6.91847372409528
85,-7.13717842510673,-6.754895670999406,-9.808754299049266,-6.680798622403906,-6.107295548659439,-6.693742943476678,-6.066529426816218,-6.2935142523039955,-6.100105472629743,-5.220794989158042,-6.338646951942781,-4.895470840851959,-6.41307039232873,-5.687659782089152,-6.503696951632278,-6.2579555972782765,-6.619050778955492,-6.391424988644442,-6.7154399821717625,-6.050335199446373,-12.472609020980792,-5.86207183223701,-6.576175930685708,-6.9507252876758985,-6.806177248007834,-6.791399764234675,-6.926984823457806,-6.862806746219896
86,-7.125188288966952,-6.703821279561829,-9.863995663126074,-6.644582804082782,-6.104720791193583,-6.664095633078091,-6.09406420826084,-6.208513736566186,-6.1571711037052665,-5.196307549752529,-6.394056533023754,-4.971779080951391,-6.466037604640505,-5.789284560182195,-6.5596118330478435,-6.342728685883412,-6.694816643472889,-6.415279693491055,-6.71142159286622,-6.151468106166657,-12.474114123885172,-5.941572346658081,-6.6042815422224965,-6.961758264241752,-6.806992153384128,-6.860910847282625,-6.982045780800233,-6.950094506266085
87,-6.979822667822129,-6.701265584604847,-9.625553791396442,-6.601708124144717,-5.929793577321453,-6.6363672363640545,-6.005822391849391,-6.202826835538581,-6.075908487246308,-5.1954300793899995,-6.343120020973756,-5.061891565612166,-6.368175684211811,-5.9500867830277615,-6.459574502317007,-6.43581359744029,-6.606081406231161,-6.449918274107267,-6.705744334856269,-6.141461521842375,-12.541541958175252,-5.821675826804432,-6.565284660566262,-6.910166433467194,-6.83522441533703,-6.864654765278057,-6.970098591942915,-6.995991890178552
88,-6.9577637370401195,-6.717593275903764,-9.662240592356337,-6.634112842733301,-5.869119288470135,-6.641540409641946,-5.915065013515959,-6.186100591114806,-5.985110480862522,-5.214809347215465,-6.248072992395139,-5.247722816651447,-6.253698512430599,-6.057836165178805,-6.393684193687542,-6.516292391864741,-6.578946406605108,-6.482218360291947,-6.702127596133996,-6.155587195834626,-12.5425714795949,-5.838231284082587,-6.59318902760839,-6.900880147199404,-6.85630851000875,-6.86795306753598,-7.001409398692623,-6.9868455613519105
89,-6.924570074276421,-6.793824358552468,-9.421911792960465,-6.768267240736281,-5.7172624181658085,-6.727345546577655,-5.738587493844753,-6.229162971333927,-5.806169098445497,-5.311658577649333,-6.084593900168653,-5.316136195309788,-6.092989087151503,-6.234331565697173,-6.260915133814712,-6.58797619660538,-6.498582501276586,-6.511166800805234,-6.618250429252802,-6.099518513894773,-12.44678021381961,-5.768937943083557,-6.646085605353874,-6.834337450269821,-6.835913315763174,-6.8462036634440055,-6.946056043395989,-6.952336171599796
90,-6.865013917074986,-6.800859320190264,-8.925540851404348,-6.9123238914206615,-5.2812061438121845,-6.849407533285257,-5.285430638874038,-6.271691100757751,-5.385380119255333,-5.606475565242616,-5.750966659749452,-5.670159727682129,-5.7785335694730255,-6.281741631229291,-5.98597826217466,-6.629965835334627,-6.28128420256477,-6.377451453593542,-6.476008205985322,-5.784297179693457,-12.347095076148912,-5.446627886771101,-6.519013788969422,-6.848073782815786,-6.851332139837786,-6.872487533952756,-6.956724906707838,-6.869744139837302
91,-6.839755967780738,-6.951892731540609,-8.717239738888601,-7.005510311669846,-5.0662728823317895,-6.917105624025674,-5.094144009224707,-6.320395677134205,-5.281946680384007,-5.509256276156505,-5.659206610552668,-5.7933939737276745,-5.639640095863586,-6.382080126493833,-5.907587623581028,-6.655642993790425,-6.210591160590113,-6.412550468251901,-6.398186404286842,-5.876980291541851,-12.1441854815035,-5.550941061101075,-6.61252027676346,-6.908295674638213,-6.810628139019879,-6.888430260449897,-6.941083024625661,-6.933461335562236
92,-6.634799201112079,-6.8602789041064804,-8.643993375993652,-6.941244000376753,-4.904370152296136,-6.836642810447792,-4.9571566853512055,-6.352850861036407,-5.13622815871207,-5.727390527139333,-5.527408305403266,-5.923485205112181,-5.529972793327777,-6.454175751866197,-5.799680962335,-6.661360727394276,-6.120667500622239,-6.369952465467903,-6.290780423811946,-5.953915343622357,-11.845875637507444,-5.706021622352303,-6.527151645226803,-6.920459256101033,-6.820657362715832,-6.9471800652623115,-7.003258998853832,-7.016932902371789
93,-6.6258651139602325,-6.926075419737459,-8.300252412765973,-7.047119746443732,-4.605865344099173,-6.804349241020948,-4.651069651756901,-6.277450854166531,-4.910067134164701,-5.78660047907292,-5.310360317212897,-6.054609388568813,-5.372636556807272,-6.394352529873954,-5.635751324474018,-6.6657259068776185,-5.91536111162647,-6.440929502060615,-6.056262628266781,-6.167341068522644,-11.21503735740158,-6.019183647272515,-6.5346970335953225,-6.884355921782161,-6.85011610953285,-6.942754982903837,-6.949962006818972,-7.000207808765159
94,-6.645495975816775,-6.933262583178319,-8.382888068169438,-7.012509491202835,-4.602689092288871,-6.624582644267522,-4.690696629323752,-6.156625179985124,-4.963377160489875,-5.756522429660352,-5.295947548549639,-6.023739003125144,-5.33147316950671,-6.31792835191765,-5.59709245902717,-6.588630322008555,-5.852036486340195,-6.431102327728266,-5.944004350886144,-6.330271103219716,-11.013166594090688,-6.29318615350191,-6.531903678077828,-6.86174808109629,-6.8329337663961045,-6.919351766430412,-6.95611194143967,-7.010567241354251
95,-6.504415217672599,-6.872521758078056,-8.22352118955773,-6.965656241316207,-4.523517453021062,-6.668924397998791,-4.60467541526506,-6.3071922868699035,-4.903632447651565,-5.949891697248484,-5.2597318500889925,-6.01117999104058,-5.371240879845916,-6.417120263103508,-5.611146846020631,-6.703096012978704,-5.831611572032401,-6.66278851627216,-5.884165006133836,-6.684603121932021,-10.836420187715625,-6.865895038025461,-6.518430538385659,-6.849184317803341,-6.879927009922341,-6.964946895231659,-7.0100461243920815,-7.03632306377342
96,-6.438678192344371,-6.84469084880373,-8.205979124212941,-6.939073801476447,-4.511283480005208,-6.633609620199844,-4.623053077544415,-6.268847098331969,-4.9228294496563,-5.810870537398973,-5.256551052859715,-5.9380794829320775,-5.351847769401848,-6.30851898216113,-5.562447696240256,-6.637055408031033,-5.781371833376294,-6.6735866272093745,-5.812899573393681,-6.7439844181958195,-10.733918024969768,-6.840951832703584,-6.569915332233484,-6.829171577222562,-6.861618325593648,-6.966335326971666,-7.006292275511749,-7.057699316983609
97,-6.4339988058462705,-6.8466008195153725,-8.267615602894594,-6.872097238246971,-4.612644534115879,-6.513320420302186,-4.743472996183875,-6.236794810174154,-4.98213535877224,-5.805038140603797,-5.314851472214912,-5.854207932745213,-5.409824159234651,-6.249608810111084,-5.574771554506826,-6.6444201824906886,-5.777043488167357,-6.843926115485549,-5.764969427412848,-6.850499368451511,-10.709678109946822,-6.782685884419435,-6.570159078746102,-6.886364129081675,-6.8346466633821965,-6.985039379440534,-6.976328527545301,-7.101171886142431
98,-6.498664464612601,-6.925585135631419,-8.108550578565218,-6.928054568546887,-4.621914522115857,-6.668066901065806,-4.858835810084675,-6.310710725733546,-5.041669260786098,-5.660881565592477,-5.370762793137627,-5.490770202118066,-5.486018571136472,-5.967031450632881,-5.607134251665806,-6.543335656043026,-5.804072273735922,-6.7414991758222245,-5.792418689724375,-6.865576638420721,-10.753673664329142,-6.761162722605402,-6.5984705434301,-6.848027561206228,-6.816272500498623,-7.033351086189661,-6.969347596811969,-7.148330424425619
99,-6.379096095524603,-6.8912950409019516,-8.22124848399703,-6.80904086085405,-4.8800287913304725,-6.610864102923778,-5.092388006400675,-6.216767580206307,-5.349859486608614,-5.507531416886309,-5.4774758564551735,-5.372110379947015,-5.595792275225676,-5.935544406754394,-5.73967254085716,-6.467357035906239,-5.8416152720640975,-6.7298337013962355,-5.8273095532293375,-6.944601337757523,-10.757188157193498,-6.757804667642712,-6.6093674463471075,-6.865974925654621,-6.795265989660837,-7.060987341419207,-6.9725881999576504,-7.174563967384995
100,-6.467441006348427,-6.8287517578530625,-8.309957772426616,-6.845852043475258,-4.960070595286992,-6.742434203568839,-5.199904208030558,-6.293660508978325,-5.309239082387297,-5.470977341059479,-5.493591040069833,-5.182777049345405,-5.632720361669167,-5.841544017410779,-5.781601411777482,-6.391840212667629,-5.882286935163906,-6.620149771456714,-5.881059630287802,-6.821101432679852,-10.837694094400675,-6.80512450620496,-6.602906115472729,-6.919054362442076,-6.809027490985012,-7.028073305376715,-6.995677497370623,-7.129388038982228
101,-6.706893845919936,-6.804800375388752,-8.66729029999914,-6.786015242574792,-5.281025738564996,-6.850458613087495,-5.304625171048471,-6.398554691985158,-5.303789721702556,-5.338583750047771,-5.5581725421415396,-4.891706693470482,-5.676589981649724,-5.63489635503104,-5.826952626987152,-6.223061785830963,-5.912457111612375,-6.401864766052054,-5.914217698779361,-6.601519088481987,-10.799635162402032,-6.772403996327076,-6.654512270504357,-6.89923745552285,-6.888355035343467,-7.041857561223434,-7.064188760606649,-7.142791373147477
102,-6.7458479136946385,-6.8080924680056665,-8.828676082925194,-6.787474077162998,-5.369414837335988,-6.881280106957606,-5.338861877109354,-6.458135245812115,-5.331066924179318,-5.2654489223869705,-5.637736229255041,-4.799201130227355,-5.828389704169937,-5.508179045645456,-5.973884169052827,-6.058320172737402,-6.121345900086176,-6.169502652480405,-6.104424441407016,-6.445938987017715,-11.072248865523841,-6.775085103535061,-6.619471661025603,-6.971639957822144,-6.87283881879647,-7.040707164110297,-7.014284486260119,-7.122367775475194
103,-6.848579057495993,-6.85822644660048,-8.952968306093858,-6.808496966757972,-5.509175083726734,-6.891282515017529,-5.389984254364334,-6.450555838609856,-5.407872775120704,-5.325645886584748,-5.7299093386936315,-4.746053338812906,-5.901196394418069,-5.361149010871436,-6.03986598152549,-5.867246754569405,-6.206659772066059,-6.002249741237288,-6.162049763835132,-6.292541985105871,-11.26247990776543,-6.588169113885113,-6.57331139708995,-6.9750725205109525,-6.788195956453547,-6.940469726185842,-6.874623617553853,-6.969869072533889
104,-6.97984981393434,-6.751645676753552,-9.346472587297004,-6.768584512292326,-5.791040414160244,-6.893484285224632,-5.718107289454728,-6.507554548200874,-5.702802405321099,-5.568335685927491,-5.935806450610487,-4.8263035384884345,-6.107821982726672,-5.36001666025028,-6.2417878139757175,-5.859529117242858,-6.3997260922345145,-5.866451150875422,-6.385161247857276,-5.863300313115768,-11.849974327530047,-5.832832122851624,-6.598261105775351,-6.904981706868667,-6.740952353746883,-6.918599129529272,-6.870958220463136,-7.019046432750109
105,-7.016085047759458,-6.848625427329749,-9.415077432998597,-6.803167880113219,-5.840669079595331,-6.977160480459874,-5.7971912225569495,-6.577883587811275,-5.8091753004531235,-5.7245583297855065,-6.118965996420106,-4.980997412234894,-6.328159876592008,-5.426068337823973,-6.388051176878688,-5.86266214337711,-6.493163137016338,-5.90807625358316,-6.529737564842539,-5.708809290333341,-12.0969764548377,-5.51964628776175,-6.634393965908333,-6.936170954276561,-6.782241259639064,-6.930700362478976,-6.924589864491831,-6.963864835656829
106,-7.055956050879926,-6.864901952916146,-9.40053969760734,-6.8073239070338065,-5.873321568213739,-6.970775534803809,-5.8855667641617,-6.671920558374877,-5.892754192585137,-5.825425988529013,-6.246783054267125,-5.164468958672968,-6.451901249966094,-5.573375134272157,-6.560922047418057,-5.961751978256683,-6.710394378926886,-5.994963298890165,-6.716194783912656,-5.854992044557729,-12.410760929004274,-5.590263145777859,-6.5663400420000935,-6.8587351619679495,-6.772174619626038,-6.917876946144363,-6.875450106568929,-6.918591413266264
107,-6.946534898536103,-6.77308346263194,-9.440673457894407,-6.704064691039198,-6.016909075325889,-6.851644073231012,-6.0799309836168565,-6.611394027416581,-6.271049921546155,-6.011444597213453,-6.582509434163754,-5.431763909226747,-6.74910466406759,-5.838772183348379,-6.870811878855362,-6.182497150171264,-6.962601371554972,-6.235947997093286,-6.933955321594493,-6.0998101030303005,-12.642523501491942,-5.919873892732913,-6.5306429555692915,-6.874222442065485,-6.74392860167421,-6.9281354306119205,-6.861784023379644,-6.937214854092433
108,-6.883756196191849,-6.6677760065927725,-9.490716972445849,-6.657865189564662,-6.041353340477896,-6.792847505446969,-6.1399640436094485,-6.6288322382927625,-6.385340117876766,-6.051989857768161,-6.634706130002314,-5.443820123136374,-6.751444460178335,-5.849317066716615,-6.908459174343318,-6.190083962417177,-7.033871493593106,-6.236721604822945,-7.021900318943296,-6.112483222823539,-12.858531370536673,-5.924705715093652,-6.573469115421645,-6.827016190587351,-6.761152763047686,-6.9652259488803905,-6.918377393892488,-6.964546597185783
109,-6.905137680662482,-6.685763021378712,-9.483574666971737,-6.687168636308807,-5.983443256130056,-6.7940329655904845,-6.241379701920944,-6.621719196712428,-6.464532624907522,-6.164777151106401,-6.662971002226605,-5.494539273529548,-6.783873577525122,-5.889742721922995,-6.945238691625983,-6.234316391273804,-7.035637975314136,-6.293109067214554,-7.058405789540914,-6.116210082421685,-12.982880800183253,-5.881572361190266,-6.666902888919902,-6.796033115885253,-6.841502103006262,-6.8735049299950095,-7.013641661470618,-6.892219289567091
110,-6.925065340012522,-6.641430198316003,-9.47519042739879,-6.614866059282578,-6.019753794820354,-6.715046926182666,-6.372020046048402,-6.657790507898486,-6.546093945105203,-6.190366252849346,-6.728361122229306,-5.599812299460776,-6.820406161609165,-5.907143387334121,-6.970968365689708,-6.249081904059903,-7.050881895158896,-6.288046747090203,-7.054331366918363,-6.0874748492307695,-12.964771464103826,-5.8767208338615315,-6.6405746810497,-6.7300888671636425,-6.8490959646526015,-6.8962033650927985,-6.998008793583562,-6.887930946875263
111,-6.962412961191318,-6.562425156848051,-9.603560390592238,-6.548962688217254,-6.105531107840863,-6.741588923030518,-6.41853730971808,-6.692079143393631,-6.5412162187877065,-6.265131154818802,-6.672637078619614,-5.601458566825728,-6.7659290853031235,-5.901725711666703,-6.896089061386779,-6.254668812583119,-6.973343675332036,-6.305703263610413,-6.965036390411019,-6.036075187778431,-12.951299241457129,-5.7417582238941085,-6.663742377415966,-6.663204373594956,-6.845977754816373,-6.933339252885448,-6.9914137830788095,-6.883245664375975
112,-6.918102663854074,-6.5997605829732935,-9.519948107992796,-6.592781500703453,-6.075944216740331,-6.778649705543418,-6.453457924624701,-6.736161456949223,-6.557872586890855,-6.303168303127706,-6.662805894813567,-5.598226761799219,-6.721526938523626,-5.963761972722079,-6.841280773151887,-6.265459536265936,-6.919569015371061,-6.281609996989298,-6.917402891402587,-5.970692726517352,-12.695626480098252,-5.747749355205292,-6.57567973242788,-6.724241833554465,-6.795971947525649,-6.8975501563106105,-6.9282558249697415,-6.915452803244818
113,-6.97041201558926,-6.550403157407731,-9.551721993626566,-6.639679306886089,-6.086603626536683,-6.87329810263019,-6.436554296047502,-6.868195911504236,-6.524447175933558,-6.4439444037022735,-6.624188262715185,-5.688985388619518,-6.6920843311194345,-5.959514603562559,-6.817860816976407,-6.307688934107105,-6.911282850490124,-6.320042495208645,-6.916007238027661,-6.022955923129139,-12.715930628608865,-5.81186111066165,-6.57127181230055,-6.689449733317287,-6.7968451783373816,-6.911890654953796,-6.915692290521085,-6.907959693896967
114,-6.8945102793556545,-6.538208230812439,-9.490813078517803,-6.5566663181543445,-6.014043258320415,-6.765498756690109,-6.423591739952873,-6.781870255105782,-6.47603932733812,-6.360524556352355,-6.608727674568474,-5.679933380127289,-6.671814056649821,-6.0002576121553135,-6.805192059608545,-6.338936843406838,-6.902097047647631,-6.351584190566975,-6.9032495347414695,-6.086078456267413,-12.685315749376995,-5.870571241766045,-6.5489587649459615,-6.685998925256283,-6.793283475095823,-6.926124255540007,-6.93657311012963,-6.940510150879982
115,-6.994324724211758,-6.562014535813402,-9.540676563385164,-6.560833868254934,-5.967233478692845,-6.7016070126094744,-6.419728228082419,-6.710596894099979,-6.475303802423967,-6.243830646904618,-6.616095665802618,-5.592507227391375,-6.6139824767360285,-5.934744697307331,-6.774389955467656,-6.328642838058062,-6.829920435128102,-6.290595823828858,-6.857023931681431,-6.00070259511272,-12.65710748313966,-5.702697230043274,-6.583191324011037,-6.695222569079539,-6.817102262353756,-6.891849133772085,-6.91897740125517,-6.927664621602059
116,-6.997897152578621,-6.635491737327516,-9.45619864933482,-6.588242904206812,-5.958510734294723,-6.7343643351721285,-6.392723380475251,-6.672245634530277,-6.486020790324093,-6.237657705337439,-6.63671892355349,-5.560313372105295,-6.652669562518319,-5.9344737344491945,-6.809569161031063,-6.3296331474333885,-6.896987515177189,-6.342125167121203,-6.886367496802451,-6.063201064600383,-12.711614707239233,-5.748075308217563,-6.6265961257946016,-6.683174541640615,-6.80478569115662,-6.899408442301038,-6.9262208704213775,-6.917534996269918
117,-7.023339695435899,-6.607457460537606,-9.518381308298627,-6.590972361443198,-5.939970758294768,-6.783402352928149,-6.330936992162493,-6.7741881922755,-6.430227293534057,-6.3080687423968325,-6.573665977743835,-5.494745535675306,-6.558120104107987,-5.904730025535401,-6.72882053878574,-6.33284748317951,-6.8318508878595345,-6.329063664533317,-6.85309594907224,-6.050097974386959,-12.741802106213209,-5.711742631393871,-6.636585636231867,-6.666323115882023,-6.792906010485332,-6.91746613442541,-6.89326102935188,-6.9142800898487415
118,-7.034056377289549,-6.622413392607206,-9.507968689164805,-6.5930649709314935,-5.96258126223489,-6.760339679252211,-6.385451786535528,-6.840922629169211,-6.491272226739482,-6.4775590105720955,-6.546475762250345,-5.772042832512248,-6.602891282616574,-5.965872741757044,-6.7427286201837555,-6.376937620215368,-6.830000707503345,-6.341850281125893,-6.870167276031747,-6.06091148334515,-12.727505180274056,-5.754121449231068,-6.6346182536657405,-6.705694804539955,-6.827497945861058,-6.908881971850231,-6.953968816549862,-6.925517664713636
119,-6.973925929003135,-6.584121361958024,-9.458262899471846,-6.546086502488848,-5.950215537415598,-6.730702235941621,-6.347859342266752,-6.7469618224586565,-6.464303971160624,-6.408999401923159,-6.507464322718037,-6.010013543043878,-6.545002609186326,-6.008159289744,-6.69369161005926,-6.386239752542435,-6.794839449284487,-6.353719465709122,-6.83976708264712,-6.0293353902098,-12.733776183766901,-5.725451541836906,-6.607530130197379,-6.711741320885124,-6.821080497242752,-6.902010042687636,-6.9070341561082165,-6.9150370610254255
120,-6.873063644215718,-6.547772980717332,-9.353930959923245,-6.500628325594416,-5.956950379603042,-6.657903330568614,-6.424290549605867,-6.6408865478175985,-6.552320464189805,-6.350427403862459,-6.601153153213426,-5.965236055523209,-6.590170328118296,-6.116006724602462,-6.751891070944606,-6.449600267591198,-6.8496077246219365,-6.418928805078801,-6.8730894841440255,-6.145408533484294,-12.706986903721377,-5.854004289923226,-6.600166015495806,-6.704232133869051,-6.809874860518768,-6.877819385294523,-6.910355323622783,-6.917764803526868
121,-6.859049011351998,-6.584969158384455,-9.359717628340157,-6.522722102717542,-5.950415748489447,-6.687718851324467,-6.403706421637045,-6.680391855334572,-6.5303373228876085,-6.374372241931248,-6.595856880790942,-5.905202281704214,-6.628394956417297,-6.1290350827268725,-6.749355107290209,-6.447064033159444,-6.839585424893534,-6.4181443982564685,-6.852901009633233,-6.127187582187991,-12.686044250215767,-5.812340598216225,-6.637405976385675,-6.732892572690822,-6.812233188974402,-6.80839717679394,-6.894201322580346,-6.911128944886007
122,-6.9009420982086604,-6.589236637875471,-9.349321252486101,-6.557667298390486,-5.944800796631217,-6.660185916925017,-6.355566498264657,-6.681563564465163,-6.429787168113727,-6.286494663515806,-6.528795267013134,-5.7460532550322645,-6.5723478084087255,-6.040296328182956,-6.699609193765098,-6.406016230767677,-6.799478605214637,-6.375207696656821,-6.824050914396468,-6.084653758041287,-12.636261032087727,-5.807846223432421,-6.603684465681084,-6.72439813557626,-6.8034282491827405,-6.815523299592014,-6.897795732884491,-6.923468201813011
123,-6.890136739055122,-6.579743131367756,-9.398042293343199,-6.47824954181925,-6.002024996590578,-6.598108307451642,-6.410050726879223,-6.5280288268713935,-6.504399000443261,-6.1621470103172955,-6.561138233997633,-5.834608104868175,-6.56065401817468,-6.042216790619116,-6.677749327839339,-6.419189951536806,-6.7679486930440795,-6.38033824741215,-6.770799957640777,-6.085666457442639,-12.560222302366856,-5.853536296933315,-6.671543802037234,-6.74078612888112,-6.791833042569213,-6.870958643137893,-6.9287476619909825,-6.914749453761423
124,-6.89188796491615,-6.628311050559127,-9.328098730667493,-6.510120353067759,-5.960090033690169,-6.580919840162645,-6.362591273704745,-6.485502353183505,-6.468571403445576,-6.090935125469074,-6.49102767555361,-5.742895310455827,-6.4840781177765425,-5.950397810433014,-6.581449074396987,-6.353521494428074,-6.707817342002194,-6.29927829433788,-6.70927160861861,-5.9841997283376145,-12.494157594779354,-5.776237812685822,-6.699064626772745,-6.7173420419696805,-6.804739471000234,-6.843245943367602,-6.948469594139398,-6.885258218838363
125,-6.874519279077124,-6.5657612908377665,-9.336415289908079,-6.483559423164001,-5.957402038563188,-6.577615775267991,-6.345594801636197,-6.479609588987879,-6.4325726465622095,-6.024900088729922,-6.495857213239591,-5.673108674540582,-6.479375688148471,-5.969519142709806,-6.578981990009175,-6.367385825682626,-6.706553541557833,-6.320766525285579,-6.716770184865477,-5.983333946728738,-12.488965765585474,-5.767882085215093,-6.695214865676405,-6.716557490965326,-6.790603256265353,-6.865763521868999,-6.921657434141819,-6.905963852689631
126,-6.862253459086678,-6.569388875088668,-9.322236260278338,-6.498341358470093,-5.9346520327135455,-6.605907065859133,-6.3477183577058165,-6.504124967165786,-6.432851194407057,-6.111174836418468,-6.535687188816044,-5.7101231552014005,-6.529296182809387,-6.030953908393331,-6.621708251563095,-6.416530189040866,-6.729103226481031,-6.350009486508126,-6.7207363077996884,-6.08766489885223,-12.407039290534007,-5.8628124106175346,-6.712514211129662,-6.726401477443188,-6.77624474458785,-6.880138824530734,-6.909377283452251,-6.946790156465384
127,-6.861091002237143,-6.532157075722959,-9.35559251208272,-6.465374308697428,-5.945796254701629,-6.560872266661479,-6.363057401521393,-6.4815004394266,-6.45960004812473,-6.080795972457297,-6.548787266032884,-5.716346582013071,-6.524925933640694,-6.0444293025171545,-6.628409651156565,-6.40594378181864,-6.737563641152127,-6.36144179870595,-6.748503406153078,-6.075775789908751,-12.414356107797527,-5.862266418795973,-6.689728520852496,-6.751564886594399,-6.764800853962493,-6.871371319357837,-6.879421986293727,-6.937657058965656
128,-6.911853025576348,-6.562190701304609,-9.364786208430711,-6.4971729080179275,-5.941679226124954,-6.612749186592343,-6.32809132004905,-6.423617566845847,-6.415773204655005,-5.996793225972633,-6.536982377709844,-5.715515515171144,-6.509591653184652,-6.0941546771405735,-6.61519337903461,-6.432595613185944,-6.731817313802478,-6.369135661367552,-6.719451779322362,-6.091107807242898,-12.431612035013643,-5.848721716419573,-6.68832544218743,-6.684831221435852,-6.774307899939266,-6.892204010461228,-6.883444007478882,-6.932449487246026
129,-6.929825561600315,-6.601416668124081,-9.432654015312888,-6.467212640013688,-5.996494865337828,-6.592539980792577,-6.294917538238919,-6.460063626265382,-6.423104002384308,-6.002728921348649,-6.52031761394295,-5.703452188773734,-6.505972962305302,-6.034127969422182,-6.596257613944294,-6.406607289100108,-6.706832047542666,-6.3420613543008635,-6.702386102781376,-6.035349135323868,-12.440689977840538,-5.748444776367491,-6.68475936925914,-6.726532844122987,-6.779086183725718,-6.8658778779299485,-6.865982384756833,-6.900315468868031
130,-6.992142780036995,-6.588499592548292,-9.475861139492492,-6.499277040686225,-6.012835102894129,-6.637408918939629,-6.255869017651088,-6.520172911767848,-6.326716535332133,-5.994326546674089,-6.499526331686937,-5.575875495378365,-6.479285376586078,-5.979531589333457,-6.569409783027401,-6.375006516933483,-6.685594130702693,-6.3077295660901305,-6.698183604005661,-5.990785419475603,-12.438433875136443,-5.724064804714172,-6.687216805213026,-6.688015038883745,-6.794753166020928,-6.864679625291306,-6.879402831129097,-6.9037124379571395
131,-6.990585196443068,-6.632099256287305,-9.488673703211855,-6.5215267648453725,-5.992826912352607,-6.648788490566995,-6.267210060258949,-6.500945402257011,-6.351215859123676,-5.931901852092792,-6.4845219767451585,-5.569946963252539,-6.480896451814061,-5.980662358459332,-6.570173990948631,-6.374965340912088,-6.693199448791183,-6.324224689280154,-6.6997831433155906,-5.9968445428680806,-12.439482016385835,-5.731832667306347,-6.680359642291895,-6.698651482693909,-6.800963174175451,-6.849335403613156,-6.8946452716900115,-6.895665702035726
132,-6.9858925385123305,-6.626827244896064,-9.525752373296122,-6.529238845114464,-5.982297532113895,-6.618072715496841,-6.300280682634249,-6.501125325562039,-6.358697660844789,-5.949401880351419,-6.504813269414692,-5.580344326164979,-6.5051757292027945,-6.01073870854722,-6.587601450931256,-6.38278409403801,-6.708376801300376,-6.353075937959385,-6.727804510502466,-6.026668854740843,-12.452504259813699,-5.75619293399167,-6.695689556889003,-6.671509667017771,-6.821413942656683,-6.847508192639291,-6.903265095773619,-6.882951093255702
133,-6.950270203576227,-6.642497553939196,-9.506089883138449,-6.518287214840915,-5.965218451110871,-6.579633829693836,-6.343744044960913,-6.488733245906293,-6.387990122284456,-5.952841382548652,-6.501647057645929,-5.556974879762013,-6.476648175157796,-6.045662341671196,-6.583569248610033,-6.414255604770382,-6.7106019123848295,-6.341533180495588,-6.721841906357155,-6.013966531105063,-12.421651977752584,-5.769918265241369,-6.673407233884744,-6.688699240341029,-6.818734274066169,-6.857151391778914,-6.896142191467145,-6.892528484785534
134,-7.012884219506405,-6.643743665722578,-9.531292685303237,-6.5535204900138995,-5.996317043459334,-6.659734850045201,-6.2584629043291455,-6.569102116319601,-6.30481600015237,-5.93273278133648,-6.469735820292696,-5.458548443995291,-6.492030206554873,-5.991013245073106,-6.585386253496431,-6.37884631123244,-6.694377103271868,-6.328043150275726,-6.705524439402123,-6.014222626339655,-12.426758466060132,-5.742286973868674,-6.6898319594986075,-6.700195649360614,-6.813305606650564,-6.8727877186127495,-6.899593501423759,-6.917339311908696
135,-7.00555778544434,-6.656237814586021,-9.52862540340487,-6.552517205141757,-6.007223595527491,-6.670266321966243,-6.2565334408258035,-6.511765636597673,-6.291799918652654,-5.889234430033884,-6.4460951224703225,-5.468405257836088,-6.456095028265744,-6.00995428688787,-6.546195961883305,-6.374474877163572,-6.671812244911887,-6.303694141505403,-6.687436978845081,-5.982175228114678,-12.405540394239539,-5.722608279163118,-6.666113273116424,-6.7041488133360305,-6.815648528387402,-6.882611152848434,-6.887497578346958,-6.922207743827918
136,-7.0550234311137725,-6.661286380777019,-9.585910713518997,-6.557321602990437,-6.029046172015687,-6.652715121728059,-6.228249034154735,-6.473164360901664,-6.283527411127601,-5.814687476718509,-6.440528143900665,-5.482045368063937,-6.461783618632594,-6.027118255171949,-6.5575042280440305,-6.379942427346289,-6.680477256246712,-6.316656979655686,-6.697878010537265,-5.978645157486271,-12.423541890471695,-5.719064669085132,-6.697729653750909,-6.711937762725748,-6.815748672059574,-6.878322179062502,-6.882495826829685,-6.899184538609582
137,-7.047719920435352,-6.630158197547803,-9.597089474015151,-6.5273190833261925,-6.036683040439079,-6.614216093674413,-6.171260705777615,-6.483790874137832,-6.237598407054169,-5.793208750373642,-6.400598987192706,-5.378108395607354,-6.403836813621954,-5.958169805408663,-6.498578266865145,-6.349058326438122,-6.605922329877783,-6.25420926280318,-6.660874361373293,-5.923919852303314,-12.415745612592243,-5.637753760729408,-6.698959651909116,-6.74348522760772,-6.817750995263039,-6.893730415274771,-6.8836226012197,-6.908231980677173
138,-7.06467658861572,-6.646322029033207,-9.606914627864075,-6.5530979734138395,-6.0191880370761845,-6.67522476861489,-6.113509379654718,-6.503267847863005,-6.161432257924914,-5.801468663818581,-6.34191176142463,-5.357685160490616,-6.387128136515235,-5.9308605448973335,-6.470381005645239,-6.332953811133493,-6.58289737375727,-6.2258390646157435,-6.648498061337336,-5.890485945492457,-12.3930092488212,-5.627927550021962,-6.703601077098954,-6.7162473196380255,-6.81367151622196,-6.882516684798085,-6.8811132746531385,-6.916658246765369
139,-7.069251613393546,-6.647630316872312,-9.617029453535507,-6.5634734446873075,-6.028670291870589,-6.6969224951180495,-6.1569555487422445,-6.524309492047537,-6.144492716034061,-5.819304128677633,-6.331073597424575,-5.316599054130243,-6.367671185139131,-5.926716500096169,-6.456051604353809,-6.316684591743282,-6.5699921210399905,-6.193733852967024,-6.637548021109965,-5.85080016992835,-12.380851275823998,-5.5806159218630444,-6.715247142091507,-6.710492121068892,-6.814771996135926,-6.8862885703084205,-6.878755499242035,-6.928753072337253
140,-7.036964027530731,-6.633956118284686,-9.602639938072121,-6.559636225746765,-6.029277814075324,-6.636414222497369,-6.12548657211071,-6.477282728086058,-6.153093665501912,-5.7815093347314725,-6.294734797677176,-5.3343211852321035,-6.336154006959729,-5.94525531494448,-6.434004205826327,-6.326217622519438,-6.555942986975512,-6.222572339082187,-6.63200260619886,-5.849626624748077,-12.375020165808877,-5.5797357666258804,-6.713097461713423,-6.714472044923527,-6.824233922436227,-6.892834833297442,-6.894764146388159,-6.910965294263633
141,-7.050659542764246,-6.643026698080058,-9.569284363071063,-6.562663749239193,-6.001687866975902,-6.684854576637632,-6.0943328048633845,-6.508084935612318,-6.11762920501845,-5.775871616030957,-6.263430315481399,-5.298201783803275,-6.336196567581087,-5.929047096975186,-6.426149958362213,-6.324243258354316,-6.545685254244116,-6.1850808345289305,-6.630117249885362,-5.82680000283808,-12.36741396535807,-5.565895489729537,-6.69674903490288,-6.771685883050196,-6.8131663959414475,-6.897348168702955,-6.892631725855057,-6.924360271801357
142,-7.051485991069313,-6.6430105063988805,-9.578396843020219,-6.558150503738554,-6.018854782514552,-6.666911981908943,-6.101198256287454,-6.521705019420473,-6.10687719212241,-5.754727191137275,-6.265953600150627,-5.296326275485876,-6.334694489066336,-5.954305158107132,-6.424372672176985,-6.34860174169455,-6.54064767323197,-6.217429516630637,-6.635713047694954,-5.822919935389064,-12.379833391797941,-5.556143172652076,-6.718658057050631,-6.783131813206712,-6.8124527347172394,-6.897529025299351,-6.907027395461877,-6.919790589316172
143,-7.017225184472284,-6.681145153907023,-9.56591252891281,-6.668626303262184,-5.946659960968602,-6.7369142726270885,-6.047371573551948,-6.531402664796642,-6.061152390383637,-5.736081229720858,-6.240815850660915,-5.275340059605255,-6.318613840640629,-5.998565939369798,-6.406772762643713,-6.351870805064045,-6.537216029190369,-6.176273683586321,-6.634673370686911,-5.801289323153601,-12.341200348382165,-5.533864243211354,-6.700453367407656,-6.79460754413781,-6.808636820615553,-6.88755953848582,-6.9063952750290785,-6.944912700814658
144,-7.0110563812842495,-6.6854715711175245,-9.557437597694499,-6.649123705215425,-5.978791470233552,-6.685024196578898,-6.060439963585276,-6.480132249631624,-6.080959355996427,-5.729177252043112,-6.255208783097872,-5.281621480548093,-6.329557110649267,-6.000054653594259,-6.426169566328613,-6.361934954394652,-6.553413917689683,-6.24366443967593,-6.642688960228538,-5.8330927569708875,-12.36753809755637,-5.548633937764851,-6.755670657748059,-6.767909699185065,-6.802097218726796,-6.896940464485657,-6.889453095300826,-6.94150807148365
145,-7.015121059152524,-6.678655521009243,-9.56647224526144,-6.666287865933853,-5.974829874340016,-6.707830325966939,-6.053323490869781,-6.489788501609396,-6.069015171541417,-5.704257888351772,-6.2698508352004385,-5.261730587786325,-6.3297392908699575,-5.956468643651462,-6.419056399440745,-6.3546780715353615,-6.5419330101672495,-6.249331999857813,-6.635956486559611,-5.840194232897145,-12.385157887278751,-5.5492998014750565,-6.711383555037521,-6.811615880097274,-6.789135766300075,-6.911002530980444,-6.887915611645653,-6.967918496392316
146,-6.993966395530583,-6.6579178634249505,-9.570941854410595,-6.661714699897206,-5.995436545295843,-6.711307299832189,-6.030468709118712,-6.490760970515708,-6.05774505304547,-5.7014387452142055,-6.217881089127504,-5.261904023065383,-6.287355659413149,-5.868306080554902,-6.395122613991911,-6.343546994156707,-6.521993156370827,-6.244041917051633,-6.625881790334934,-5.830475194099423,-12.36417721828741,-5.539888216135863,-6.701461638170981,-6.798211613325244,-6.78354642881703,-6.908895023357187,-6.867985789622281,-6.95079298105009
147,-6.996340172231631,-6.666069403396714,-9.574814523028323,-6.623669000591824,-5.989924067062508,-6.715611229643769,-6.029338158127348,-6.4646373208321295,-6.059767911771639,-5.671411209942818,-6.234787971538959,-5.274321879623142,-6.3167432494287565,-5.940391689790485,-6.405689799576392,-6.349887580236092,-6.5306488678573,-6.251969432809248,-6.630619195397397,-5.837700674034009,-12.37371910520545,-5.543944155381752,-6.71710084456141,-6.809532258592693,-6.7847261432848045,-6.916486649903365,-6.861927123727174,-6.952868210218919
148,-6.996311216378607,-6.668171083613492,-9.59469088303626,-6.673022012326806,-5.9996465751455315,-6.729949518085926,-6.011402553129847,-6.484311879045643,-6.020021149901186,-5.679377119734593,-6.213431940251775,-5.24782950396822,-6.27847346534856,-5.852533828118054,-6.3688489445526795,-6.32824410823063,-6.507050747398928,-6.1623511987916935,-6.611803301719233,-5.730913454107856,-12.330520324370964,-5.474438985976762,-6.739201381826218,-6.761082280909983,-6.769653970383093,-6.918071475748044,-6.864622368068088,-6.973020217496623
149,-7.021538400079016,-6.6848193701997145,-9.61062757089743,-6.692869537561614,-6.000351834799221,-6.74262543713143,-6.0221574973190695,-6.500980172711664,-6.01986585039101,-5.6850216493305465,-6.214647784240369,-5.275385470104187,-6.2771655047897585,-5.867923885862007,-6.370204408076125,-6.324978172153901,-6.508357620825126,-6.153933306053158,-6.608144655726257,-5.712596804065996,-12.342128236564452,-5.459278476224672,-6.744665195459886,-6.7675977033205434,-6.765276811525283,-6.90258430899371,-6.867860154277794,-6.960924695539113
150,-7.035769598593482,-6.671608253693752,-9.613652204950666,-6.6925776170015725,-5.956476762008988,-6.767929819227787,-6.001519879272928,-6.501178861023963,-6.0087649092338085,-5.656633269561736,-6.194703042112691,-5.282010478918476,-6.2722923136442885,-5.882472060951405,-6.368474382117602,-6.341992208437446,-6.511597883776972,-6.180586448505603,-6.6117971804325,-5.754963043085503,-12.307085716984485,-5.488798981404005,-6.711339516802047,-6.810597788328835,-6.763112167534508,-6.907049167373384,-6.862989108589762,-6.975741692527423
151,-7.035769598593482,-6.671608253693752,-9.613652204950666,-6.6925776170015725,-5.956476762008988,-6.767929819227787,-6.001519879272928,-6.501178861023963,-6.0087649092338085,-5.656633269561736,-6.194703042112691,-5.282010478918476,-6.2722923136442885,-5.882472060951405,-6.368474382117602,-6.341992208437446,-6.511597883776972,-6.180586448505603,-6.6117971804325,-5.754963043085503,-12.307085716984485,-5.488798981404005,-6.711339516802047,-6.810597788328835,-6.763112167534508,-6.907049167373384,-6.862989108589762,-6.975741692527423
152,-14.227961309803277,-14.308951596987713,-17.311578690782213,-14.332854646866497,-11.370501953261405,-14.456763228105853,-11.59185497243626,-13.973321418329448,-11.875030102863798,-12.613245547268658,-12.43443422780451,-12.030210864325436,-12.58130287189043,-13.286811556988688,-12.942805806252661,-14.059093204275433,-13.3327973006689,-13.886950532478961,-13.464736359645295,-13.45856918633626,-23.887407977747156,-13.149865573281884,-14.115362589091326,-14.56172087241313,-14.472761908501628,-14.679947472165367,-14.680229259193329,-14.860522690569475
153,-14.227961309803277,-14.308951596987713,-17.311578690782213,-14.332854646866497,-11.370501953261405,-14.456763228105853,-11.59185497243626,-13.973321418329448,-11.875030102863798,-12.613245547268658,-12.43443422780451,-12.030210864325436,-12.58130287189043,-13.286811556988688,-12.942805806252661,-14.059093204275433,-13.3327973006689,-13.886950532478961,-13.464736359645295,-13.45856918633626,-23.887407977747156,-13.149865573281884,-14.115362589091326,-14.56172087241313,-14.472761908501628,-14.679947472165367,-14.680229259193329,-14.860522690569475
